date,0,1,2,3,4,5,6,7,8,9,10,11,12,13,14,15,16,17,18,19,20,21,22,23
2016-01-01,0.0,0.0,0.0,0.0,0.0,0.0,0.0,0.0,0.017662129,0.055236197,0.095026521,0.133567788,0.136789677,0.096398501,0.030642077,0.001309998,0.0,0.0,0.0,0.0,0.0,0.0,0.0,0.0
2016-01-02,0.0,0.0,0.0,0.0,0.0,0.0,0.0,0.0,0.014527731,0.038285413,0.055090275,0.064424672,0.056803187,0.03375985,0.013924357,0.000849167,0.0,0.0,0.0,0.0,0.0,0.0,0.0,0.0
2016-01-03,0.0,0.0,0.0,0.0,0.0,0.0,0.0,0.0,0.00525684,0.013374436,0.014712476,0.015511205,0.022292148,0.020906305,0.010571432,0.001020423,0.0,0.0,0.0,0.0,0.0,0.0,0.0,0.0
2016-01-04,0.0,0.0,0.0,0.0,0.0,0.0,0.0,4.26e-06,0.00990159,0.023474485,0.032843992,0.03575774,0.034234358,0.026362362,0.013001221,0.001070005,0.0,0.0,0.0,0.0,0.0,0.0,0.0,0.0
2016-01-05,0.0,0.0,0.0,0.0,0.0,0.0,0.0,5.24e-06,0.010090476,0.029308248,0.046681915,0.056956231,0.057716767,0.04162656,0.018284306,0.001556626,0.0,0.0,0.0,0.0,0.0,0.0,0.0,0.0
2016-01-06,0.0,0.0,0.0,0.0,0.0,0.0,0.0,1.95e-05,0.011020712,0.031222717,0.042603465,0.044972305,0.045875403,0.037080298,0.017517514,0.001479228,0.0,0.0,0.0,0.0,0.0,0.0,0.0,0.0
2016-01-07,0.0,0.0,0.0,0.0,0.0,0.0,0.0,1.9e-05,0.008598514,0.024515856,0.035877063,0.043602435,0.043823448,0.033974194,0.015733002,0.001484893,0.0,0.0,0.0,0.0,0.0,0.0,0.0,0.0
2016-01-08,0.0,0.0,0.0,0.0,0.0,0.0,0.0,8.32e-05,0.048510566,0.148665306,0.2177001,0.243681864,0.225758773,0.164709146,0.080971481,0.005606353,0.0,0.0,0.0,0.0,0.0,0.0,0.0,0.0
2016-01-09,0.0,0.0,0.0,0.0,0.0,0.0,0.0,0.000114664,0.045562652,0.141342337,0.206193539,0.237180691,0.227941811,0.162074056,0.077546436,0.006270527,0.0,0.0,0.0,0.0,0.0,0.0,0.0,0.0
2016-01-10,0.0,0.0,0.0,0.0,0.0,0.0,0.0,0.000139923,0.035563614,0.132707275,0.213728427,0.246424554,0.23007076,0.168436544,0.083086111,0.00696794,0.0,0.0,0.0,0.0,0.0,0.0,0.0,0.0
2016-01-11,0.0,0.0,0.0,0.0,0.0,0.0,0.0,0.000136253,0.01411292,0.038794695,0.056926514,0.070426374,0.07792434,0.070216461,0.033902385,0.003967656,0.0,0.0,0.0,0.0,0.0,0.0,0.0,0.0
2016-01-12,0.0,0.0,0.0,0.0,0.0,0.0,0.0,7.79e-05,0.010348818,0.036014714,0.077555983,0.136574018,0.146666941,0.106770895,0.05705927,0.00612715,0.0,0.0,0.0,0.0,0.0,0.0,0.0,0.0
2016-01-13,0.0,0.0,0.0,0.0,0.0,0.0,0.0,0.000281215,0.03809079,0.084525572,0.076352475,0.067315167,0.065167161,0.047927373,0.025216364,0.004143712,0.0,0.0,0.0,0.0,0.0,0.0,0.0,0.0
2016-01-14,0.0,0.0,0.0,0.0,0.0,0.0,0.0,0.000144932,0.009226004,0.028338914,0.041044281,0.043124345,0.029538875,0.020209875,0.023248407,0.005831803,0.0,0.0,0.0,0.0,0.0,0.0,0.0,0.0
2016-01-15,0.0,0.0,0.0,0.0,0.0,0.0,0.0,0.000341898,0.01497613,0.038588459,0.057261163,0.072974637,0.078770692,0.063977169,0.03744519,0.006477514,0.0,0.0,0.0,0.0,0.0,0.0,0.0,0.0
2016-01-16,0.0,0.0,0.0,0.0,0.0,0.0,0.0,0.000546513,0.047622115,0.129411359,0.168025618,0.147294005,0.119804348,0.09260971,0.030009148,0.004025637,0.0,0.0,0.0,0.0,0.0,0.0,0.0,0.0
2016-01-17,0.0,0.0,0.0,0.0,0.0,0.0,0.0,0.000885577,0.056955855,0.155473794,0.22500539,0.255030365,0.24303764,0.192322611,0.106595434,0.015322597,0.0,0.0,0.0,0.0,0.0,0.0,0.0,0.0
2016-01-18,0.0,0.0,0.0,0.0,0.0,0.0,0.0,0.000858857,0.039636311,0.119961217,0.174907105,0.195496334,0.193590482,0.149009879,0.070364536,0.010351893,0.0,0.0,0.0,0.0,0.0,0.0,0.0,0.0
2016-01-19,0.0,0.0,0.0,0.0,0.0,0.0,0.0,0.001004203,0.044438022,0.128945406,0.189875791,0.20455506,0.171652391,0.132190696,0.06536839,0.009930963,0.0,0.0,0.0,0.0,0.0,0.0,0.0,0.0
2016-01-20,0.0,0.0,0.0,0.0,0.0,0.0,0.0,0.001347012,0.060892973,0.159270948,0.222864513,0.247125573,0.231186351,0.163386044,0.081886185,0.013086271,0.0,0.0,0.0,0.0,0.0,0.0,0.0,0.0
2016-01-21,0.0,0.0,0.0,0.0,0.0,0.0,0.0,0.001803408,0.066763386,0.16923258,0.241686299,0.274458594,0.264253732,0.21207079,0.123779306,0.02318932,0.0,0.0,0.0,0.0,0.0,0.0,0.0,0.0
2016-01-22,0.0,0.0,0.0,0.0,0.0,0.0,0.0,0.001284364,0.034397206,0.122579355,0.218039692,0.240494335,0.134108978,0.069178403,0.041685003,0.011250774,0.0,0.0,0.0,0.0,0.0,0.0,0.0,0.0
2016-01-23,0.0,0.0,0.0,0.0,0.0,0.0,0.0,0.001170257,0.022208006,0.054603368,0.091194144,0.117954545,0.124130433,0.102967207,0.056534142,0.012100818,0.0,0.0,0.0,0.0,0.0,0.0,0.0,0.0
2016-01-24,0.0,0.0,0.0,0.0,0.0,0.0,0.0,0.001308635,0.021552078,0.03991948,0.057480599,0.066821169,0.065541219,0.048253851,0.02672006,0.006879036,0.0,0.0,0.0,0.0,0.0,0.0,0.0,0.0
2016-01-25,0.0,0.0,0.0,0.0,0.0,0.0,0.0,0.001814848,0.025447089,0.084248779,0.181249867,0.200079073,0.207084001,0.198831046,0.126960505,0.02964575,0.0,0.0,0.0,0.0,0.0,0.0,0.0,0.0
2016-01-26,0.0,0.0,0.0,0.0,0.0,0.0,0.0,0.001516853,0.019331273,0.043979971,0.070158932,0.087927211,0.081206901,0.064790897,0.042688243,0.01344052,0.0,0.0,0.0,0.0,0.0,0.0,0.0,0.0
2016-01-27,0.0,0.0,0.0,0.0,0.0,0.0,0.0,0.000907153,0.011277209,0.028834582,0.049780947,0.062336482,0.063974579,0.049380282,0.027642594,0.008341288,2.86e-06,0.0,0.0,0.0,0.0,0.0,0.0,0.0
2016-01-28,0.0,0.0,0.0,0.0,0.0,0.0,0.0,0.005197405,0.086246019,0.186846143,0.260207941,0.292943774,0.284689564,0.234016925,0.147473518,0.040952397,3.93e-05,0.0,0.0,0.0,0.0,0.0,0.0,0.0
2016-01-29,0.0,0.0,0.0,0.0,0.0,0.0,0.0,0.002716024,0.025157335,0.050302307,0.069451823,0.071895054,0.073384834,0.067186004,0.040127523,0.012579141,6.85e-05,0.0,0.0,0.0,0.0,0.0,0.0,0.0
2016-01-30,0.0,0.0,0.0,0.0,0.0,0.0,0.0,0.000872725,0.005862808,0.011477154,0.036793955,0.100759828,0.129087818,0.109125623,0.100529129,0.035334254,0.000177939,0.0,0.0,0.0,0.0,0.0,0.0,0.0
2016-01-31,0.0,0.0,0.0,0.0,0.0,0.0,0.0,0.005836254,0.071801267,0.155448968,0.213404082,0.209775502,0.174915407,0.13457613,0.078856803,0.021678733,0.00029556,0.0,0.0,0.0,0.0,0.0,0.0,0.0
2016-02-01,0.0,0.0,0.0,0.0,0.0,0.0,0.0,0.002737179,0.022364531,0.053418524,0.084512859,0.09258506,0.085697855,0.080745788,0.079493777,0.033614145,0.000498919,0.0,0.0,0.0,0.0,0.0,0.0,0.0
2016-02-02,0.0,0.0,0.0,0.0,0.0,0.0,0.0,0.004712589,0.035831497,0.098932203,0.23544784,0.308535428,0.30493091,0.253866484,0.165252753,0.058439447,0.000775514,0.0,0.0,0.0,0.0,0.0,0.0,0.0
2016-02-03,0.0,0.0,0.0,0.0,0.0,0.0,0.0,0.009388388,0.086585971,0.116958057,0.104655257,0.087336966,0.067462585,0.11668431,0.105580941,0.041979012,0.000886423,0.0,0.0,0.0,0.0,0.0,0.0,0.0
2016-02-04,0.0,0.0,0.0,0.0,0.0,0.0,0.0,0.006010034,0.037966616,0.06700184,0.088495043,0.097871496,0.116648866,0.101086117,0.054389506,0.025955479,0.001063925,0.0,0.0,0.0,0.0,0.0,0.0,0.0
2016-02-05,0.0,0.0,0.0,0.0,0.0,0.0,0.0,0.004327866,0.028458637,0.058629497,0.089290801,0.104166393,0.114733079,0.11446274,0.084218652,0.031288127,0.001443114,0.0,0.0,0.0,0.0,0.0,0.0,0.0
2016-02-06,0.0,0.0,0.0,0.0,0.0,0.0,0.0,0.0054374,0.034814807,0.061800976,0.090724166,0.121238615,0.13073352,0.095629404,0.054437816,0.02445025,0.001686496,0.0,0.0,0.0,0.0,0.0,0.0,0.0
2016-02-07,0.0,0.0,0.0,0.0,0.0,0.0,0.0,0.008214501,0.060925002,0.135204465,0.175026856,0.171109753,0.191496483,0.185389056,0.159943555,0.070244231,0.003030946,0.0,0.0,0.0,0.0,0.0,0.0,0.0
2016-02-08,0.0,0.0,0.0,0.0,0.0,0.0,0.0,0.010540935,0.044811671,0.093449755,0.153733103,0.125331997,0.096937119,0.069751776,0.03477954,0.008669,0.000581284,0.0,0.0,0.0,0.0,0.0,0.0,0.0
2016-02-09,0.0,0.0,0.0,0.0,0.0,0.0,0.0,0.019559469,0.127123011,0.208139442,0.28076577,0.299264852,0.265240426,0.171215278,0.095457713,0.035583642,0.002772049,0.0,0.0,0.0,0.0,0.0,0.0,0.0
2016-02-10,0.0,0.0,0.0,0.0,0.0,0.0,0.0,0.004800421,0.0249669,0.062952726,0.131396644,0.118768137,0.097992222,0.119726479,0.135157282,0.07766079,0.00513082,0.0,0.0,0.0,0.0,0.0,0.0,0.0
2016-02-11,0.0,0.0,0.0,0.0,0.0,0.0,0.0,0.025481523,0.134148824,0.232777638,0.29184823,0.30753035,0.28828212,0.241545777,0.174235467,0.080952607,0.005868362,0.0,0.0,0.0,0.0,0.0,0.0,0.0
2016-02-12,0.0,0.0,0.0,0.0,0.0,0.0,0.0,0.010001995,0.041028978,0.074026756,0.104540049,0.125713454,0.125188511,0.101292187,0.066169826,0.029890816,0.003381238,0.0,0.0,0.0,0.0,0.0,0.0,0.0
2016-02-13,0.0,0.0,0.0,0.0,0.0,0.0,0.0,0.010773216,0.049031061,0.147974392,0.308729702,0.367972558,0.358174509,0.2979256,0.205056097,0.096774331,0.008945308,0.0,0.0,0.0,0.0,0.0,0.0,0.0
2016-02-14,0.0,0.0,0.0,0.0,0.0,0.0,0.0,0.01109096,0.04247622,0.077724759,0.111992381,0.12900025,0.136632655,0.127634906,0.097378533,0.044174031,0.005941559,0.0,0.0,0.0,0.0,0.0,0.0,0.0
2016-02-15,0.0,0.0,0.0,0.0,0.0,0.0,0.0,0.024470608,0.084799389,0.129045051,0.169874244,0.204187432,0.189414616,0.154134815,0.145855717,0.078924114,0.007452131,0.0,0.0,0.0,0.0,0.0,0.0,0.0
2016-02-16,0.0,0.0,0.0,0.0,0.0,0.0,0.0,0.038268278,0.154142696,0.259892268,0.334401334,0.369079538,0.362052554,0.312645549,0.226066833,0.113986066,0.013546418,0.0,0.0,0.0,0.0,0.0,0.0,0.0
2016-02-17,0.0,0.0,0.0,0.0,0.0,0.0,0.0,0.043180063,0.162708502,0.269292112,0.343805023,0.378739563,0.371045756,0.321356176,0.234198363,0.113262552,0.014421662,0.0,0.0,0.0,0.0,0.0,0.0,0.0
2016-02-18,0.0,0.0,0.0,0.0,0.0,0.0,0.0,0.019656761,0.072301825,0.198835613,0.305472594,0.343232896,0.335571853,0.276936172,0.170833447,0.060108884,0.009833679,0.0,0.0,0.0,0.0,0.0,0.0,0.0
2016-02-19,0.0,0.0,0.0,0.0,0.0,0.0,3.52e-05,0.01775658,0.066035273,0.151614068,0.286261106,0.356303118,0.358972158,0.307807446,0.224974645,0.118180201,0.017920016,0.0,0.0,0.0,0.0,0.0,0.0,0.0
2016-02-20,0.0,0.0,0.0,0.0,0.0,0.0,6.25e-05,0.010866429,0.04096267,0.077512995,0.105604055,0.117427714,0.118419662,0.108450138,0.081710952,0.044009064,0.008585972,0.0,0.0,0.0,0.0,0.0,0.0,0.0
2016-02-21,0.0,0.0,0.0,0.0,0.0,0.0,0.000290751,0.017719787,0.042557778,0.046458925,0.051260836,0.058120361,0.061561954,0.068759512,0.059806465,0.028856383,0.005843157,0.0,0.0,0.0,0.0,0.0,0.0,0.0
2016-02-22,0.0,0.0,0.0,0.0,0.0,0.0,0.000456935,0.022162482,0.058642459,0.098761079,0.140625912,0.177167696,0.2276608,0.267212489,0.226505726,0.12622458,0.021681907,0.0,0.0,0.0,0.0,0.0,0.0,0.0
2016-02-23,0.0,0.0,0.0,0.0,0.0,0.0,0.000985115,0.052255216,0.128413259,0.173803534,0.254081776,0.299870739,0.280016852,0.227616248,0.175759344,0.105813167,0.018797842,0.0,0.0,0.0,0.0,0.0,0.0,0.0
2016-02-24,0.0,0.0,0.0,0.0,0.0,0.0,0.001197837,0.052613903,0.150450861,0.224851285,0.238838724,0.277963597,0.275933986,0.271538786,0.216528139,0.1302492,0.028148519,0.0,0.0,0.0,0.0,0.0,0.0,0.0
2016-02-25,0.0,0.0,0.0,0.0,0.0,0.0,0.001848171,0.065523938,0.180781102,0.264862765,0.264920719,0.272806184,0.237557307,0.194286897,0.153862908,0.092999304,0.021894947,0.0,0.0,0.0,0.0,0.0,0.0,0.0
2016-02-26,0.0,0.0,0.0,0.0,0.0,0.0,0.00243048,0.069040932,0.183907609,0.285147709,0.354919293,0.378539133,0.35843001,0.316226029,0.222541558,0.115664878,0.025507646,0.0,0.0,0.0,0.0,0.0,0.0,0.0
2016-02-27,0.0,0.0,0.0,0.0,0.0,0.0,0.002637865,0.046138107,0.14418599,0.249445687,0.332329587,0.36899852,0.327358956,0.273770721,0.218810025,0.133752261,0.0333442,1.04e-05,0.0,0.0,0.0,0.0,0.0,0.0
2016-02-28,0.0,0.0,0.0,0.0,0.0,0.0,0.003817189,0.078688726,0.196808746,0.300329401,0.372824874,0.406087165,0.397105293,0.346813992,0.2607326,0.149736262,0.037564098,4.98e-05,0.0,0.0,0.0,0.0,0.0,0.0
2016-03-01,0.0,0.0,0.0,0.0,0.0,0.0,0.004551117,0.078335516,0.187442472,0.289780138,0.362350362,0.40317167,0.399137142,0.349599062,0.263893617,0.152917519,0.040161511,0.000125659,0.0,0.0,0.0,0.0,0.0,0.0
2016-03-02,0.0,0.0,0.0,0.0,0.0,0.0,0.004924709,0.057813642,0.120951558,0.151268833,0.166481388,0.17126328,0.157025249,0.126010168,0.084789029,0.046324687,0.014647245,0.000115226,0.0,0.0,0.0,0.0,0.0,0.0
2016-03-03,0.0,0.0,0.0,0.0,0.0,0.0,0.001537672,0.020918426,0.080969143,0.140074532,0.164121477,0.186015744,0.209113697,0.216737354,0.179812149,0.101676747,0.02458817,0.000261388,0.0,0.0,0.0,0.0,0.0,0.0
2016-03-04,0.0,0.0,0.0,0.0,0.0,0.0,0.00410242,0.033224298,0.080836722,0.130242009,0.196649768,0.234396368,0.291464314,0.310177305,0.232225947,0.142177933,0.044462872,0.000544647,0.0,0.0,0.0,0.0,0.0,0.0
2016-03-05,0.0,0.0,0.0,0.0,0.0,0.0,0.005367491,0.041235333,0.102669137,0.182883984,0.260993549,0.272223191,0.223628036,0.170508358,0.118631505,0.060387011,0.018826355,0.00045476,0.0,0.0,0.0,0.0,0.0,0.0
2016-03-06,0.0,0.0,0.0,0.0,0.0,0.0,0.003790714,0.026480937,0.061015641,0.104624586,0.15271857,0.169694982,0.152837674,0.154477824,0.119940261,0.093167356,0.032876881,0.000818627,0.0,0.0,0.0,0.0,0.0,0.0
2016-03-07,0.0,0.0,0.0,0.0,0.0,0.0,0.009326811,0.065416037,0.113546427,0.139102935,0.135303812,0.166238168,0.170277403,0.134403945,0.111906337,0.081194576,0.025734071,0.000779571,0.0,0.0,0.0,0.0,0.0,0.0
2016-03-08,0.0,0.0,0.0,0.0,0.0,0.0,0.006050554,0.038605192,0.106804489,0.191872926,0.240138316,0.250576821,0.282414234,0.263510088,0.202421029,0.123295322,0.046030366,0.001406006,0.0,0.0,0.0,0.0,0.0,0.0
2016-03-09,0.0,0.0,0.0,0.0,0.0,0.0,0.014408255,0.106608472,0.222220748,0.318395302,0.369297363,0.380796032,0.327192016,0.244273476,0.170761365,0.104656499,0.038882399,0.001910119,0.0,0.0,0.0,0.0,0.0,0.0
2016-03-10,0.0,0.0,0.0,0.0,0.0,0.0,0.011227755,0.054933203,0.106607074,0.160004583,0.209199804,0.2423143,0.247632938,0.224315216,0.174741564,0.109327106,0.040477547,0.002304762,0.0,0.0,0.0,0.0,0.0,0.0
2016-03-11,0.0,0.0,0.0,0.0,0.0,0.0,0.017664093,0.109144918,0.218094036,0.313018916,0.379524358,0.409720526,0.400928364,0.340817223,0.244142438,0.135684461,0.046191495,0.002799789,0.0,0.0,0.0,0.0,0.0,0.0
2016-03-12,0.0,0.0,0.0,0.0,0.0,0.0,0.019630612,0.114618745,0.229257326,0.329988826,0.400879605,0.432932614,0.42241728,0.370634882,0.284763405,0.175901794,0.064692406,0.003299322,0.0,0.0,0.0,0.0,0.0,0.0
2016-03-13,0.0,0.0,0.0,0.0,0.0,0.0,0.021540855,0.117725071,0.231229487,0.329880273,0.398585254,0.429270934,0.418856858,0.368653057,0.284280245,0.176688404,0.066210683,0.003794459,0.0,0.0,0.0,0.0,0.0,0.0
2016-03-14,0.0,0.0,0.0,0.0,0.0,0.0,0.023608819,0.120850024,0.234597118,0.333203391,0.401769549,0.431971165,0.420838652,0.369969719,0.285298219,0.177942588,0.067975835,0.004337474,0.0,0.0,0.0,0.0,0.0,0.0
2016-03-15,0.0,0.0,0.0,0.0,0.0,0.0,0.025953649,0.123401552,0.235165417,0.331339778,0.397421227,0.425662613,0.412364822,0.333006787,0.220656569,0.12607592,0.049701888,0.004306639,0.0,0.0,0.0,0.0,0.0,0.0
2016-03-16,0.0,0.0,0.0,0.0,0.0,0.0,0.019062409,0.080803362,0.163205269,0.207563905,0.232093194,0.235629384,0.247307317,0.282897585,0.265080709,0.175638897,0.07108673,0.005491853,0.0,0.0,0.0,0.0,0.0,0.0
2016-03-17,0.0,0.0,0.0,0.0,0.0,0.0,0.030996285,0.131326589,0.244609722,0.342247961,0.410149318,0.440372641,0.429624117,0.379336834,0.295180818,0.187676381,0.076183547,0.006319793,0.0,0.0,0.0,0.0,0.0,0.0
2016-03-18,0.0,0.0,0.0,0.0,0.0,0.000102364,0.034470061,0.137422255,0.251583393,0.349402456,0.41676775,0.44610251,0.434306314,0.382923373,0.297771554,0.189635033,0.077991884,0.006982285,0.0,0.0,0.0,0.0,0.0,0.0
2016-03-19,0.0,0.0,0.0,0.0,0.0,0.000251468,0.023292591,0.089236786,0.216851393,0.34629156,0.414866874,0.444825069,0.433690958,0.382630672,0.297730935,0.190277157,0.079583335,0.007733703,0.0,0.0,0.0,0.0,0.0,0.0
2016-03-20,0.0,0.0,0.0,0.0,0.0,0.000444545,0.023654547,0.08419719,0.180900175,0.293320907,0.394208391,0.438351441,0.436194599,0.385530073,0.290123923,0.176257227,0.07291876,0.00817486,0.0,0.0,0.0,0.0,0.0,0.0
2016-03-21,0.0,0.0,0.0,0.0,0.0,0.000599157,0.023153395,0.069111648,0.119277706,0.193325807,0.286303379,0.330106864,0.315691858,0.247792833,0.18350876,0.112108869,0.049206777,0.006964539,0.0,0.0,0.0,0.0,0.0,0.0
2016-03-22,0.0,0.0,0.0,0.0,0.0,0.000635781,0.020666319,0.068567634,0.133415938,0.203787485,0.316510207,0.367621305,0.274264345,0.256102865,0.233421508,0.164709537,0.066871737,0.008066891,0.0,0.0,0.0,0.0,0.0,0.0
2016-03-23,0.0,0.0,0.0,0.0,0.0,0.001014349,0.022531518,0.069032921,0.118039516,0.145849349,0.133136513,0.15439234,0.168399043,0.176844951,0.172865556,0.125035933,0.069981263,0.010744244,0.0,0.0,0.0,0.0,0.0,0.0
2016-03-24,0.0,0.0,0.0,0.0,0.0,0.001244418,0.023272451,0.067210527,0.12849591,0.178526641,0.224622703,0.26419156,0.322433636,0.322690142,0.246552996,0.151603845,0.06442891,0.01005623,0.0,0.0,0.0,0.0,0.0,0.0
2016-03-25,0.0,0.0,0.0,0.0,0.0,0.002350785,0.036231582,0.101162707,0.156965632,0.202823433,0.232922985,0.255701657,0.249779673,0.210610896,0.16410334,0.092757684,0.046345159,0.009979265,0.0,0.0,0.0,0.0,0.0,0.0
2016-03-26,0.0,0.0,0.0,0.0,0.0,0.001345899,0.018466194,0.047805487,0.088416066,0.142216589,0.21163732,0.26801326,0.309986366,0.296474651,0.269326043,0.205656086,0.098236024,0.014667267,0.0,0.0,0.0,0.0,0.0,0.0
2016-03-27,0.0,0.0,0.0,0.0,0.0,0.003581073,0.046780299,0.157210713,0.270214146,0.362799239,0.444295943,0.478942316,0.466120157,0.405389768,0.305447212,0.1854661,0.086272731,0.015719948,0.0,0.0,0.0,0.0,0.0,0.0
2016-03-28,0.0,0.0,0.0,0.0,0.0,0.002334186,0.027825497,0.070630942,0.136635489,0.219690082,0.290369718,0.327604927,0.34432853,0.321729579,0.284596702,0.203874636,0.095325733,0.015039833,0.0,0.0,0.0,0.0,0.0,0.0
2016-03-29,0.0,0.0,0.0,0.0,0.0,0.004891153,0.036324042,0.059925527,0.083674136,0.132848905,0.178172225,0.172219772,0.183440024,0.274752785,0.243261154,0.153095865,0.076007367,0.01743653,0.0,0.0,0.0,0.0,0.0,0.0
2016-03-30,0.0,0.0,0.0,0.0,0.0,0.005921519,0.066382552,0.155084566,0.179169477,0.183689466,0.15637157,0.178717232,0.21752753,0.234881839,0.21016505,0.153794628,0.083981902,0.0179597,0.0,0.0,0.0,0.0,0.0,0.0
2016-03-31,0.0,0.0,0.0,0.0,0.0,0.006783077,0.072634637,0.173574667,0.274776748,0.375566532,0.413310767,0.370575095,0.373596468,0.310887855,0.249393014,0.182714519,0.09908709,0.020128536,0.0,0.0,0.0,0.0,0.0,0.0
2016-04-01,0.0,0.0,0.0,0.0,0.0,0.008770176,0.059805982,0.129214726,0.203907226,0.274542965,0.293508902,0.291572652,0.257733959,0.220453488,0.18260914,0.160198694,0.095138384,0.022470313,6.29e-06,0.0,0.0,0.0,0.0,0.0
2016-04-02,0.0,0.0,0.0,0.0,0.0,0.008637129,0.070650901,0.194084057,0.315899232,0.412450216,0.477216595,0.503930254,0.489173283,0.434681314,0.346133721,0.23303129,0.113636515,0.023841509,4.33e-05,0.0,0.0,0.0,0.0,0.0
2016-04-03,0.0,0.0,0.0,0.0,0.0,0.010852474,0.073711007,0.180806164,0.300375964,0.399423564,0.464171443,0.488917792,0.472876914,0.418531774,0.331953099,0.217585945,0.105098896,0.023755719,0.000101027,0.0,0.0,0.0,0.0,0.0
2016-04-04,0.0,0.0,0.0,0.0,0.0,0.009568145,0.044814934,0.109843551,0.219050134,0.335446147,0.424759584,0.465643545,0.413674486,0.358986331,0.311483049,0.219929321,0.110725528,0.025052772,0.00020253,0.0,0.0,0.0,0.0,0.0
2016-04-05,0.0,0.0,0.0,0.0,0.0,0.008688055,0.04844264,0.105525379,0.147879954,0.161738029,0.108723511,0.059886841,0.123523972,0.306291955,0.332165904,0.230660906,0.116802598,0.026567853,0.000336125,0.0,0.0,0.0,0.0,0.0
2016-04-06,0.0,0.0,0.0,0.0,0.0,0.012344928,0.054132676,0.10164453,0.148289995,0.173928498,0.153506142,0.126692189,0.120148164,0.134706344,0.105825095,0.070475862,0.025058922,0.004381442,0.000126466,0.0,0.0,0.0,0.0,0.0
2016-04-07,0.0,0.0,0.0,0.0,0.0,0.008189809,0.042617043,0.112405139,0.218758237,0.364160345,0.438631898,0.400367078,0.318584805,0.204641711,0.103160619,0.054395481,0.031376671,0.011387014,0.000313502,0.0,0.0,0.0,0.0,0.0
2016-04-08,0.0,0.0,0.0,0.0,0.0,0.015513624,0.093785827,0.200574149,0.287813476,0.298614148,0.2813874,0.296587403,0.300045511,0.280495354,0.24062181,0.146352179,0.061555905,0.016578568,0.000247003,0.0,0.0,0.0,0.0,0.0
2016-04-09,0.0,0.0,0.0,0.0,0.0,0.009777914,0.044353717,0.093352597,0.164491833,0.287477185,0.368269044,0.423578559,0.436838073,0.394294784,0.306247027,0.218330136,0.110970674,0.026875118,0.000910056,0.0,0.0,0.0,0.0,0.0
2016-04-10,0.0,0.0,0.0,0.0,0.0,0.01751094,0.071642684,0.18548192,0.293204895,0.39341919,0.472798033,0.478709007,0.461282813,0.384062093,0.316538536,0.227290646,0.116988758,0.030776134,0.001205296,0.0,0.0,0.0,0.0,0.0
2016-04-11,0.0,0.0,0.0,0.0,0.0,0.019962988,0.074843283,0.166967195,0.279077789,0.381905294,0.456462455,0.500148971,0.487429469,0.432973913,0.346002026,0.241265926,0.127768583,0.034789474,0.001622657,0.0,0.0,0.0,0.0,0.0
2016-04-12,0.0,0.0,0.0,0.0,7.64e-05,0.02271267,0.109240923,0.224417736,0.337433377,0.430254234,0.490931043,0.512983894,0.494914225,0.439579833,0.353018553,0.244860622,0.13052602,0.036360102,0.001932024,0.0,0.0,0.0,0.0,0.0
2016-04-13,0.0,0.0,0.0,0.0,0.000250452,0.026182757,0.096214524,0.196242112,0.290669385,0.358883449,0.353916116,0.389126588,0.337425621,0.254742687,0.218021244,0.162011748,0.09348233,0.034148449,0.002242722,0.0,0.0,0.0,0.0,0.0
2016-04-14,0.0,0.0,0.0,0.0,0.000492626,0.025829378,0.112337673,0.223911387,0.335255603,0.425732473,0.480779737,0.473624684,0.460970859,0.406466996,0.322203583,0.214252956,0.119868347,0.03997316,0.002617915,0.0,0.0,0.0,0.0,0.0
2016-04-15,0.0,0.0,0.0,0.0,0.000488221,0.019498028,0.062346068,0.131644111,0.234309672,0.364580458,0.46017774,0.490222403,0.468180764,0.419313892,0.345074819,0.243305311,0.13264,0.04002025,0.002994847,0.0,0.0,0.0,0.0,0.0
2016-04-16,0.0,0.0,0.0,0.0,0.00082193,0.018897512,0.028793381,0.042428407,0.099002741,0.166775251,0.184219025,0.214648092,0.190084157,0.112763187,0.062037078,0.064986278,0.049905811,0.023097083,0.002198351,0.0,0.0,0.0,0.0,0.0
2016-04-17,0.0,0.0,0.0,0.0,0.000514771,0.015408874,0.05828677,0.141184539,0.222868563,0.258763271,0.229309417,0.203148689,0.216748128,0.189660167,0.191161551,0.169745986,0.099144716,0.033593667,0.002528661,0.0,0.0,0.0,0.0,0.0
2016-04-18,0.0,0.0,0.0,0.0,0.001635559,0.031610575,0.118295141,0.210844779,0.274281444,0.281489944,0.290837145,0.321248233,0.348703017,0.376030929,0.341067976,0.241953793,0.138383763,0.044773274,0.004465902,0.0,0.0,0.0,0.0,0.0
2016-04-19,0.0,0.0,0.0,0.0,0.002195372,0.034968816,0.127389896,0.242328167,0.352531688,0.436834408,0.497927262,0.520198599,0.503903626,0.451586095,0.365307011,0.257593588,0.142404153,0.045725144,0.00491646,0.0,0.0,0.0,0.0,0.0
2016-04-20,0.0,0.0,0.0,0.0,0.002635622,0.037009109,0.130473549,0.245462692,0.354556029,0.444843874,0.501606645,0.529807125,0.51428167,0.461001704,0.372290652,0.262558611,0.147938505,0.048556669,0.005593983,0.0,0.0,0.0,0.0,0.0
2016-04-21,0.0,0.0,0.0,0.0,0.003141426,0.038937687,0.133139085,0.24824572,0.358783564,0.448620965,0.50754658,0.529799224,0.513089226,0.459031016,0.373116621,0.26485757,0.149130483,0.049857055,0.0061689,0.0,0.0,0.0,0.0,0.0
2016-04-22,0.0,0.0,0.0,0.0,0.003776889,0.041046415,0.136679332,0.252803675,0.363796469,0.453872092,0.512696251,0.534161361,0.516164056,0.460646146,0.373710718,0.263965605,0.147816943,0.051787913,0.006787472,0.0,0.0,0.0,0.0,0.0
2016-04-23,0.0,0.0,0.0,0.0,0.004809513,0.048150786,0.126146084,0.226434099,0.32331612,0.379942985,0.417124982,0.436576813,0.437153203,0.408219083,0.341568598,0.247824171,0.144105212,0.057146766,0.0082727,0.0,0.0,0.0,0.0,0.0
2016-04-24,0.0,0.0,0.0,0.0,0.005091822,0.044013229,0.134177658,0.245131539,0.343413823,0.423040191,0.481006408,0.499545378,0.453195407,0.40471547,0.305916494,0.192500776,0.130576551,0.05287455,0.00789221,0.0,0.0,0.0,0.0,0.0
2016-04-25,0.0,0.0,0.0,0.0,0.005132637,0.038330154,0.098931393,0.1854983,0.218767384,0.264287483,0.305918629,0.273817011,0.26045256,0.21976653,0.165025708,0.107148671,0.070418944,0.031909889,0.005297633,1.04e-09,0.0,0.0,0.0,0.0
2016-04-26,0.0,0.0,0.0,0.0,0.006118496,0.046644754,0.131964413,0.202293729,0.216010437,0.216459977,0.190683351,0.178757458,0.213356502,0.222988942,0.199643498,0.130499304,0.064306346,0.029682954,0.005441948,0.0,0.0,0.0,0.0,0.0
2016-04-27,0.0,0.0,0.0,0.0,0.007025844,0.045365364,0.084150081,0.09395751,0.1585938,0.266544301,0.350105683,0.354071561,0.328682704,0.32398115,0.245057913,0.153114142,0.097147505,0.049442163,0.009487235,0.0,0.0,0.0,0.0,0.0
2016-04-28,0.0,0.0,0.0,0.0,0.007668916,0.049545079,0.142392237,0.223320374,0.271983262,0.283931671,0.317300773,0.338060429,0.317659767,0.275388868,0.244553069,0.176107651,0.114288422,0.0548425,0.010912278,2.65e-08,0.0,0.0,0.0,0.0
2016-04-29,0.0,0.0,0.0,0.0,0.008600849,0.053113982,0.142458014,0.228127287,0.26030313,0.255496617,0.249186849,0.255046391,0.249063192,0.220564895,0.196810095,0.184473995,0.126977008,0.060132771,0.012683796,0.0,0.0,0.0,0.0,0.0
2016-04-30,0.0,0.0,0.0,0.0,0.0082154,0.048253976,0.135998459,0.226370435,0.280244605,0.348861436,0.386284607,0.22969223,0.232740072,0.213298775,0.115515058,0.088895051,0.075441308,0.040351543,0.009561577,0.0,0.0,0.0,0.0,0.0
2016-05-01,0.0,0.0,0.0,0.0,0.010430313,0.057519034,0.132732449,0.232215126,0.333029275,0.381582798,0.403679159,0.378327485,0.350177438,0.348307271,0.327381348,0.257221431,0.158980525,0.061853518,0.013019493,0.0,0.0,0.0,0.0,0.0
2016-05-02,0.0,0.0,0.0,0.0,0.011073247,0.058048288,0.156950064,0.273270591,0.382474717,0.470826479,0.52800026,0.548237346,0.530164923,0.47588978,0.390533143,0.283068011,0.167486993,0.065289812,0.014265879,0.0,0.0,0.0,0.0,0.0
2016-05-03,0.0,0.0,0.0,0.0,0.012153545,0.059509433,0.15797644,0.271761024,0.377937297,0.458198542,0.501907924,0.503632177,0.47469897,0.419109477,0.327219633,0.217747078,0.126216969,0.054030148,0.011406207,0.0,0.0,0.0,0.0,0.0
2016-05-04,0.0,0.0,0.0,0.0,0.012487485,0.058945659,0.155843885,0.251417018,0.351269608,0.443662965,0.491704129,0.526022558,0.502428095,0.446672192,0.362096664,0.269739443,0.164930036,0.06586521,0.015347627,0.0,0.0,0.0,0.0,0.0
2016-05-05,0.0,0.0,0.0,0.0,0.013395526,0.06123483,0.15903736,0.271145985,0.376629366,0.449231761,0.489795331,0.495929867,0.472529151,0.421482966,0.346118877,0.252334338,0.154827478,0.063098327,0.015455962,4.98e-06,0.0,0.0,0.0,0.0
2016-05-06,0.0,0.0,0.0,0.0,0.014093286,0.061972838,0.159319122,0.271122924,0.376683824,0.462001581,0.51745037,0.53719766,0.51937312,0.466024738,0.382625531,0.278318649,0.16654586,0.067417012,0.01677956,3.86e-05,0.0,0.0,0.0,0.0
2016-05-07,0.0,0.0,0.0,0.0,0.015567487,0.064990384,0.162691989,0.270457796,0.372237524,0.457088036,0.514380513,0.535841974,0.518135138,0.463738019,0.379941955,0.275992582,0.165082927,0.067167348,0.017120995,9.2e-05,0.0,0.0,0.0,0.0
2016-05-08,0.0,0.0,0.0,0.0,0.015549155,0.063223525,0.158863508,0.268355178,0.371948281,0.456009474,0.511313362,0.532163688,0.516315629,0.464547115,0.381658922,0.277574112,0.166639569,0.068531993,0.017941059,0.000172285,0.0,0.0,0.0,0.0
2016-05-09,0.0,0.0,0.0,0.0,0.016602156,0.065356663,0.162336073,0.27310676,0.378289642,0.463607457,0.519281458,0.540154362,0.523555598,0.470634579,0.3868267,0.281888458,0.169804841,0.070361955,0.018871531,0.000282123,0.0,0.0,0.0,0.0
2016-05-10,0.0,0.0,0.0,3.72e-05,0.017371453,0.06637714,0.162901374,0.272403953,0.375445936,0.458470575,0.51234356,0.531572871,0.513919725,0.461264804,0.379235025,0.276903137,0.16748173,0.070212915,0.019431947,0.000391727,0.0,0.0,0.0,0.0
2016-05-11,0.0,0.0,0.0,0.000130601,0.01860947,0.070303688,0.160722432,0.264400935,0.360174349,0.447671435,0.506632302,0.52897785,0.506196099,0.446508538,0.370595417,0.274691469,0.168309154,0.074083928,0.022404261,0.000522682,0.0,0.0,0.0,0.0
2016-05-12,0.0,0.0,0.0,0.000275782,0.020416626,0.069497298,0.163333527,0.270928098,0.372495879,0.453050571,0.460932431,0.421389048,0.37039731,0.304199793,0.215272546,0.143894809,0.087327188,0.0500018,0.020655927,0.00059994,0.0,0.0,0.0,0.0
2016-05-13,0.0,0.0,0.0,0.000411793,0.022799584,0.076355893,0.158723428,0.265548435,0.371050631,0.457533772,0.512473411,0.517319638,0.44911388,0.394441987,0.344359971,0.263150948,0.162760707,0.072818896,0.021986435,0.000829876,0.0,0.0,0.0,0.0
2016-05-14,0.0,0.0,0.0,0.00054009,0.023674305,0.07260164,0.161383515,0.268232946,0.376180483,0.460406686,0.512369356,0.532603959,0.519007758,0.466922454,0.385625855,0.28027669,0.16973201,0.075034689,0.022283728,0.000939028,0.0,0.0,0.0,0.0
2016-05-15,0.0,0.0,0.0,0.0006883,0.020974545,0.070833338,0.161510971,0.262939082,0.34906356,0.404076537,0.426402079,0.420405011,0.424204791,0.387242259,0.325304551,0.236500506,0.150719193,0.065773559,0.020323894,0.001110926,0.0,0.0,0.0,0.0
2016-05-16,0.0,0.0,0.0,0.000803367,0.020267926,0.067368351,0.155108546,0.24181404,0.324740961,0.389158654,0.43338002,0.441813086,0.421725921,0.406200365,0.358405618,0.270342786,0.167559009,0.073998102,0.022654743,0.001446319,0.0,0.0,0.0,0.0
2016-05-17,0.0,0.0,0.0,0.001081189,0.022850617,0.074580541,0.168109681,0.278103893,0.383037304,0.460169092,0.499637004,0.503084061,0.492923733,0.45188936,0.381705999,0.287319974,0.181915619,0.081003512,0.024992421,0.001674589,0.0,0.0,0.0,0.0
2016-05-18,0.0,0.0,0.0,0.000919225,0.021100578,0.065337087,0.134678657,0.235722546,0.358618154,0.445767183,0.497562958,0.520411717,0.513013241,0.465686096,0.388243449,0.289634443,0.180853196,0.080816215,0.025337619,0.002005106,0.0,0.0,0.0,0.0
2016-05-19,0.0,0.0,0.0,0.00153936,0.02568075,0.08118021,0.172959861,0.270942573,0.3648986,0.427464714,0.451685031,0.439361789,0.38691291,0.33836149,0.278709631,0.188767275,0.113046359,0.051647635,0.015488832,0.000766591,0.0,0.0,0.0,0.0
2016-05-20,0.0,0.0,0.0,0.001709287,0.029705834,0.081731467,0.165001382,0.265590382,0.364210207,0.42583741,0.3979582,0.372237082,0.387694008,0.363970981,0.299675856,0.236187664,0.157752441,0.073282536,0.025784398,0.00258025,0.0,0.0,0.0,0.0
2016-05-21,0.0,0.0,0.0,0.001925019,0.026207049,0.073764728,0.133565909,0.165164663,0.165197334,0.219493957,0.292913836,0.337665968,0.369976728,0.317417977,0.268577263,0.206696638,0.143322972,0.084047602,0.02902838,0.0027734,0.0,0.0,0.0,0.0
2016-05-22,0.0,0.0,0.0,0.002150126,0.025586786,0.078669897,0.169203441,0.246396763,0.317616348,0.402629451,0.395201961,0.339191651,0.28595681,0.273638523,0.24309093,0.179657572,0.135192099,0.079568505,0.03223928,0.003117212,0.0,0.0,0.0,0.0
2016-05-23,0.0,0.0,0.0,0.002168881,0.028085948,0.06836073,0.131967199,0.200297268,0.213210308,0.248519872,0.272405049,0.151825444,0.308915686,0.394305668,0.331364134,0.21939467,0.123414997,0.063619688,0.02390267,0.00212453,0.0,0.0,0.0,0.0
2016-05-24,0.0,0.0,0.0,0.000693526,0.00940946,0.023909314,0.037500222,0.056882443,0.096302627,0.133643416,0.116701139,0.143786574,0.156887195,0.136820836,0.135822263,0.119051498,0.091680115,0.058402694,0.021829274,0.002028074,0.0,0.0,0.0,0.0
2016-05-25,0.0,0.0,0.0,0.002241412,0.027334343,0.079823002,0.160085583,0.24550777,0.340862057,0.422700962,0.468366723,0.476419954,0.452414388,0.41556033,0.340639429,0.23343422,0.139653536,0.070751876,0.025561288,0.002818944,0.0,0.0,0.0,0.0
2016-05-26,0.0,0.0,0.0,0.002088475,0.023069855,0.064514258,0.128939637,0.20944217,0.320573959,0.43245471,0.51486624,0.539813443,0.522467324,0.47291033,0.390736953,0.284283228,0.183560381,0.097892864,0.040045139,0.004773473,0.0,0.0,0.0,0.0
2016-05-27,0.0,0.0,0.0,0.003429678,0.029523447,0.082990131,0.1802461,0.287286094,0.386657926,0.465650434,0.516590003,0.534011179,0.51416863,0.458783362,0.379356579,0.282345745,0.179548163,0.088931903,0.033629169,0.004965163,0.0,0.0,0.0,0.0
2016-05-28,0.0,0.0,0.0,0.003859721,0.032014178,0.089168664,0.163203327,0.246797359,0.345515071,0.399533694,0.461050823,0.422910611,0.409212123,0.419781013,0.368840946,0.275565977,0.172590234,0.088482156,0.035382289,0.005044246,0.0,0.0,0.0,0.0
2016-05-29,0.0,0.0,0.0,0.002666879,0.026062545,0.078035863,0.166510135,0.269579625,0.369002819,0.457399292,0.506848417,0.524726005,0.505553283,0.455478082,0.375745314,0.282250271,0.179790437,0.085261004,0.035021288,0.005729411,0.0,0.0,0.0,0.0
2016-05-30,0.0,0.0,0.0,0.002788037,0.028320579,0.078496582,0.171453485,0.270615723,0.352220384,0.388966955,0.352476827,0.330228906,0.258502769,0.226896578,0.206039804,0.183693173,0.125695377,0.081131326,0.030599443,0.005296068,0.0,0.0,0.0,0.0
2016-05-31,0.0,0.0,0.0,0.003244993,0.02330087,0.057821313,0.110094937,0.178921537,0.254482197,0.345093588,0.422911858,0.440761896,0.38542761,0.333615777,0.258147679,0.185808081,0.107643565,0.067333227,0.034153615,0.005838657,0.0,0.0,0.0,0.0
2016-06-01,0.0,0.0,0.0,0.004292113,0.029806808,0.082344152,0.175449041,0.279022104,0.376016628,0.45448623,0.50564329,0.52327694,0.484463581,0.40214125,0.325366138,0.270012284,0.169740293,0.086626119,0.030924569,0.005970198,0.0,0.0,0.0,0.0
2016-06-02,0.0,0.0,0.0,0.002655087,0.020409359,0.051042438,0.09412658,0.143219748,0.211260126,0.300477201,0.374013456,0.411426299,0.37092112,0.307997604,0.280920208,0.239151162,0.158979934,0.086383003,0.033100527,0.006636419,0.0,0.0,0.0,0.0
2016-06-03,0.0,0.0,0.0,0.003105548,0.023955056,0.063786335,0.13453328,0.233822097,0.356409546,0.445400582,0.483862127,0.463660641,0.451705796,0.440688151,0.367265901,0.276669428,0.184185268,0.089454287,0.032908813,0.007051099,0.0,0.0,0.0,0.0
2016-06-04,0.0,0.0,0.0,0.005194025,0.033101221,0.084776361,0.17592289,0.27164034,0.350087748,0.413369174,0.476146137,0.453034702,0.382263083,0.339968199,0.295375343,0.247850339,0.180040268,0.093102515,0.034381999,0.007245927,0.0,0.0,0.0,0.0
2016-06-05,0.0,0.0,0.0,0.005564854,0.03248476,0.087535051,0.179802105,0.2834022,0.382152843,0.461788997,0.50916919,0.532725299,0.51915858,0.470517205,0.392126295,0.293572698,0.189581163,0.093911498,0.033619724,0.007725263,0.0,0.0,0.0,0.0
2016-06-06,0.0,0.0,0.0,0.005627071,0.031190623,0.085922285,0.181371777,0.287368794,0.387549887,0.469427633,0.523740435,0.544203177,0.528363713,0.478217849,0.399345667,0.300725507,0.194538477,0.096784515,0.034958742,0.00834154,0.0,0.0,0.0,0.0
2016-06-07,0.0,0.0,0.0,0.005955507,0.032169049,0.088181707,0.185000452,0.291451241,0.391155893,0.471603534,0.524000384,0.542727083,0.525713798,0.474913517,0.396301601,0.298742682,0.193756664,0.09672292,0.035051092,0.008555868,0.0,0.0,0.0,0.0
2016-06-08,0.0,0.0,0.0,0.006004898,0.031982623,0.086755144,0.181561299,0.286447244,0.385024273,0.464582218,0.51633872,0.535092104,0.519256971,0.470632232,0.393966345,0.297600091,0.19323123,0.096762471,0.035252553,0.008769925,0.0,0.0,0.0,0.0
2016-06-09,0.0,0.0,0.0,0.005871197,0.032116024,0.085063263,0.170251654,0.268925181,0.361774111,0.423970709,0.472498756,0.487637201,0.4425568,0.367558805,0.295028051,0.23693098,0.177404126,0.095771763,0.040547496,0.009647066,0.0,0.0,0.0,0.0
2016-06-10,0.0,0.0,0.0,0.004975783,0.033496702,0.083103199,0.159567697,0.25324018,0.3642823,0.457250803,0.51407427,0.541132883,0.528004019,0.480374954,0.403690348,0.30625284,0.198902746,0.101738834,0.039305382,0.009265252,0.0,0.0,0.0,0.0
2016-06-11,0.0,0.0,0.0,0.005768926,0.035433428,0.089309068,0.182208181,0.286677821,0.385179619,0.464613315,0.516625218,0.535935638,0.520538936,0.471388235,0.394412765,0.299018489,0.195264344,0.102332764,0.04372393,0.010512334,0.0,0.0,0.0,0.0
2016-06-12,0.0,0.0,0.0,0.006973141,0.043777497,0.099139575,0.173163801,0.257745837,0.344190427,0.425969227,0.488346403,0.511509438,0.49565683,0.447389192,0.376904313,0.284421528,0.188988283,0.110070704,0.050888017,0.010683357,0.0,0.0,0.0,0.0
2016-06-13,0.0,0.0,0.0,0.006426645,0.039169355,0.087417882,0.148776344,0.23547735,0.339138705,0.429016509,0.476258935,0.49588174,0.486028996,0.440760395,0.357301742,0.268915465,0.187476725,0.108439644,0.048607487,0.010533425,0.0,0.0,0.0,0.0
2016-06-14,0.0,0.0,0.0,0.006336074,0.032382751,0.079195654,0.148149306,0.227280544,0.335298476,0.386153768,0.370745977,0.307222256,0.221147814,0.179548133,0.162315121,0.119668026,0.073601007,0.049816885,0.025265567,0.006574631,0.0,0.0,0.0,0.0
2016-06-15,0.0,0.0,0.0,0.005233501,0.030460174,0.077468686,0.154792382,0.24193299,0.313290608,0.312819437,0.334175243,0.364915185,0.389473116,0.366406215,0.295434134,0.218819773,0.153286147,0.08938595,0.046829084,0.011422345,0.0,0.0,0.0,0.0
2016-06-16,0.0,0.0,0.0,0.006958887,0.042475291,0.097528493,0.172838708,0.258643247,0.337002237,0.398838658,0.47951135,0.522255087,0.497600291,0.386287158,0.292423217,0.241444293,0.168717775,0.097374588,0.042846069,0.010650872,0.0,0.0,0.0,0.0
2016-06-17,0.0,0.0,0.0,0.005525245,0.027770858,0.065412817,0.127761747,0.220861531,0.316010443,0.381782145,0.428716242,0.412161485,0.366571784,0.335309311,0.299537034,0.262310727,0.178605811,0.098062872,0.047721045,0.011374914,0.0,0.0,0.0,0.0
2016-06-18,0.0,0.0,0.0,0.006579126,0.038090724,0.080125052,0.1337557,0.224657708,0.299946814,0.295251904,0.343304844,0.361699228,0.36725996,0.390126462,0.36078768,0.285754748,0.194533107,0.102313916,0.038377876,0.011088934,0.0,0.0,0.0,0.0
2016-06-19,0.0,0.0,0.0,0.00579687,0.035943344,0.091269705,0.175426719,0.280520314,0.381860172,0.461992646,0.514049427,0.533915014,0.52101276,0.475039059,0.398657889,0.303881564,0.202040248,0.104263392,0.039223518,0.011440331,0.0,0.0,0.0,0.0
2016-06-20,0.0,0.0,0.0,0.006787123,0.03865879,0.087718765,0.161288981,0.265230145,0.361871856,0.444035845,0.492531938,0.506300858,0.503395727,0.468897668,0.399403019,0.307854945,0.204148493,0.105786995,0.038686001,0.011677625,0.0,0.0,0.0,0.0
2016-06-21,0.0,0.0,0.0,0.006795872,0.041787995,0.091657931,0.140859271,0.170735139,0.203929544,0.220089131,0.237103289,0.205726539,0.133050014,0.102002594,0.086211212,0.073918362,0.053695848,0.041466872,0.024348397,0.008055514,0.0,0.0,0.0,0.0
2016-06-22,0.0,0.0,0.0,0.003593797,0.02077613,0.045132627,0.080436065,0.131415922,0.210355987,0.304316899,0.382908694,0.457862341,0.467828562,0.42401483,0.352608934,0.27885664,0.189600272,0.100068813,0.038364577,0.011108587,0.0,0.0,0.0,0.0
2016-06-23,0.0,0.0,0.0,0.005847373,0.031637089,0.082017563,0.173137667,0.278044734,0.375677174,0.454748748,0.505955694,0.522539292,0.506696974,0.462573417,0.390650167,0.297906518,0.196162898,0.100963093,0.037122984,0.011250679,0.0,0.0,0.0,0.0
2016-06-24,0.0,0.0,0.0,0.004372008,0.019526217,0.043791163,0.06608808,0.124027281,0.294637953,0.421089242,0.448456616,0.449195108,0.346268842,0.275968265,0.262824458,0.221731573,0.157223801,0.097119768,0.045597952,0.011715719,0.0,0.0,0.0,0.0
2016-06-25,0.0,0.0,0.0,0.003413321,0.027810134,0.073482056,0.143015531,0.222101116,0.286902236,0.390138813,0.481853531,0.520542941,0.507858227,0.465534084,0.393659313,0.300118959,0.199608703,0.103392924,0.037667984,0.011474904,0.0,0.0,0.0,0.0
2016-06-26,0.0,0.0,0.0,0.005706962,0.035969057,0.072712528,0.142655516,0.187490128,0.242197367,0.265565843,0.235270488,0.242321581,0.293172966,0.334148996,0.316888762,0.241959791,0.151572128,0.078408713,0.02954254,0.007295224,0.0,0.0,0.0,0.0
2016-06-27,0.0,0.0,0.0,0.005676407,0.032577479,0.083048896,0.161908889,0.205445242,0.17660654,0.183650559,0.210459107,0.177744104,0.202246021,0.224265441,0.251415046,0.222950644,0.151410707,0.082991912,0.035236294,0.009258284,0.0,0.0,0.0,0.0
2016-06-28,0.0,0.0,0.0,0.002763457,0.016154487,0.04814401,0.092066332,0.151056095,0.197141075,0.273895647,0.371116872,0.410596012,0.453674973,0.442004201,0.387407718,0.302815146,0.204202926,0.106237261,0.038547848,0.01187125,0.0,0.0,0.0,0.0
2016-06-29,0.0,0.0,0.0,0.006144203,0.038041822,0.085562756,0.176508477,0.280164189,0.374513672,0.438996128,0.488484339,0.479684611,0.443202996,0.378074859,0.329573712,0.235303688,0.145755206,0.086596551,0.038719917,0.007683559,0.0,0.0,0.0,0.0
2016-06-30,0.0,0.0,0.0,0.004105145,0.02889831,0.069006895,0.134994444,0.191656687,0.270075882,0.355925321,0.362375959,0.383156066,0.426982091,0.420375178,0.375887798,0.295289658,0.19908235,0.107097411,0.048731255,0.010631335,0.0,0.0,0.0,0.0
2016-07-01,0.0,0.0,0.0,0.003415468,0.029162516,0.073181651,0.117377047,0.126004639,0.15221809,0.216884975,0.206541233,0.214568279,0.233694586,0.247597961,0.239396006,0.195580638,0.134486908,0.083516533,0.035614155,0.011052254,0.0,0.0,0.0,0.0
2016-07-02,0.0,0.0,0.0,0.00445103,0.029565315,0.076181985,0.14777113,0.203718718,0.229208165,0.220773232,0.258356813,0.325709787,0.347327714,0.341053531,0.25703241,0.145396646,0.091398168,0.05673651,0.025985831,0.005316458,0.0,0.0,0.0,0.0
2016-07-03,0.0,0.0,0.0,0.004698747,0.032296116,0.078878473,0.168286857,0.261310091,0.30153773,0.312661006,0.335278685,0.350555116,0.33716762,0.340139186,0.314037395,0.247092923,0.166440921,0.08527011,0.030393699,0.008634743,0.0,0.0,0.0,0.0
2016-07-04,0.0,0.0,0.0,0.004381821,0.030137889,0.075383807,0.146224315,0.205842125,0.28312155,0.31547149,0.376911316,0.423740481,0.39962088,0.372084232,0.320972521,0.257763265,0.18520874,0.098822698,0.035741124,0.010575897,0.0,0.0,0.0,0.0
2016-07-05,0.0,0.0,0.0,0.004300828,0.029051176,0.078623127,0.172004955,0.277084047,0.376869845,0.454737724,0.49326058,0.509382219,0.489728218,0.426715149,0.335764822,0.25321707,0.17167416,0.093694649,0.033717697,0.009828822,0.0,0.0,0.0,0.0
2016-07-06,0.0,0.0,0.0,0.003952681,0.028593801,0.072613178,0.132742048,0.178515843,0.217300663,0.270568478,0.279473949,0.331300523,0.410870404,0.380869385,0.347031276,0.289603908,0.198674067,0.103733777,0.037256937,0.008679686,0.0,0.0,0.0,0.0
2016-07-07,0.0,0.0,0.0,0.003706736,0.028710482,0.077640039,0.170801308,0.274865651,0.378766522,0.462090343,0.51755118,0.540187692,0.526290735,0.479015147,0.40426651,0.310707842,0.205294396,0.10514659,0.036793222,0.01003371,0.0,0.0,0.0,0.0
2016-07-08,0.0,0.0,0.0,0.003362097,0.030040267,0.079215194,0.164216174,0.236142461,0.24899478,0.307112347,0.334843654,0.36729441,0.380665088,0.370646082,0.356193501,0.280556755,0.179408108,0.093800563,0.040088817,0.008749619,0.0,0.0,0.0,0.0
2016-07-09,0.0,0.0,0.0,0.002555147,0.027692501,0.077247146,0.133306959,0.151626213,0.171707211,0.169352204,0.21813811,0.306532688,0.24401798,0.235964482,0.24405863,0.191805326,0.127246811,0.07602303,0.029522911,0.009064036,0.0,0.0,0.0,0.0
2016-07-10,0.0,0.0,0.0,0.003157308,0.027182133,0.075609079,0.168536087,0.27158064,0.369221574,0.447453486,0.497017733,0.504726065,0.477891302,0.411907491,0.322046662,0.259680185,0.193264076,0.100294494,0.041124451,0.008129855,0.0,0.0,0.0,0.0
2016-07-11,0.0,0.0,0.0,0.00294506,0.031621848,0.079287349,0.161823781,0.262716015,0.359942642,0.435820207,0.467555678,0.470122487,0.460602005,0.414156219,0.343301486,0.245592812,0.161010207,0.086313935,0.035824102,0.006765078,0.0,0.0,0.0,0.0
2016-07-12,0.0,0.0,0.0,0.002698196,0.027333232,0.0791696,0.159624307,0.256643333,0.344504314,0.405696953,0.45582869,0.475057748,0.468520931,0.428717136,0.37539039,0.291502102,0.190640783,0.096940935,0.033087596,0.008046602,0.0,0.0,0.0,0.0
2016-07-13,0.0,0.0,0.0,0.002363796,0.027208958,0.074561444,0.146600477,0.201384112,0.256351932,0.285258877,0.299611619,0.36655868,0.414244998,0.413782529,0.380746316,0.305501459,0.201220129,0.10062328,0.035721723,0.007354827,0.0,0.0,0.0,0.0
2016-07-14,0.0,0.0,0.0,0.00141195,0.020622732,0.06032839,0.122204753,0.200644435,0.319280264,0.439849076,0.479620036,0.48897582,0.476964564,0.44406466,0.38199028,0.296654068,0.199922542,0.101566577,0.034452894,0.008104727,0.0,0.0,0.0,0.0
2016-07-15,0.0,0.0,0.0,0.001971621,0.024652623,0.070487234,0.155512861,0.231878938,0.334503904,0.428670765,0.503328753,0.530638486,0.512355419,0.467841593,0.399836235,0.30677031,0.201233306,0.102411142,0.038435151,0.006281212,0.0,0.0,0.0,0.0
2016-07-16,0.0,0.0,0.0,0.001282927,0.021009171,0.061426952,0.126096247,0.21662037,0.322796743,0.417685348,0.478166862,0.516524911,0.514413022,0.475950016,0.402525542,0.306443004,0.201317121,0.101466755,0.034407021,0.007475787,0.0,0.0,0.0,0.0
2016-07-17,0.0,0.0,0.0,0.001219951,0.023473265,0.070829796,0.143907847,0.233754925,0.320477096,0.357663602,0.370080932,0.356434958,0.368328354,0.3850911,0.371809833,0.289504846,0.183443431,0.09523478,0.032387125,0.006686403,0.0,0.0,0.0,0.0
2016-07-18,0.0,0.0,0.0,0.001323112,0.026734767,0.075849156,0.157462915,0.260459908,0.351146186,0.361724224,0.309543376,0.286423579,0.269423737,0.319304093,0.307798632,0.233589655,0.161659206,0.091341114,0.033488039,0.006337143,0.0,0.0,0.0,0.0
2016-07-19,0.0,0.0,0.0,0.001139583,0.024684483,0.067267839,0.159661622,0.265551484,0.36727046,0.452243646,0.50844754,0.517430356,0.494317856,0.471839979,0.396625847,0.30019426,0.194450129,0.095769019,0.031401093,0.005976522,0.0,0.0,0.0,0.0
2016-07-20,0.0,0.0,0.0,0.000889197,0.020982031,0.064348219,0.154416851,0.258352969,0.358122148,0.440640831,0.496574476,0.520258156,0.50912972,0.463158196,0.389381826,0.292419998,0.189762991,0.093780359,0.031358035,0.005654782,0.0,0.0,0.0,0.0
2016-07-21,0.0,0.0,0.0,0.000736829,0.020458105,0.063711474,0.154496178,0.259616208,0.360554892,0.443884162,0.500262581,0.486928722,0.424023808,0.415514546,0.36064095,0.290997096,0.183469174,0.090234479,0.033799626,0.004481841,0.0,0.0,0.0,0.0
2016-07-22,0.0,0.0,0.0,0.000541447,0.018752595,0.061793753,0.152947196,0.257508959,0.357402884,0.433833266,0.449652413,0.470744333,0.473461957,0.417815792,0.370978705,0.293381484,0.191188365,0.09514089,0.037250352,0.005283936,0.0,0.0,0.0,0.0
2016-07-23,0.0,0.0,0.0,0.000497913,0.023988144,0.074188327,0.143995232,0.229122452,0.32274943,0.405817083,0.47530185,0.518192712,0.514355786,0.469167986,0.391639615,0.292924314,0.188709869,0.093535895,0.031806967,0.004185185,0.0,0.0,0.0,0.0
2016-07-24,0.0,0.0,0.0,0.000240258,0.015240873,0.052584056,0.11975267,0.212759854,0.320333337,0.432695588,0.495909768,0.52673246,0.516710047,0.471967469,0.397509244,0.30105973,0.194345816,0.093941972,0.029500009,0.004261476,0.0,0.0,0.0,0.0
2016-07-25,0.0,0.0,0.0,0.000167058,0.016539077,0.059567825,0.135796051,0.235247998,0.339120482,0.424195065,0.4923059,0.527444459,0.513830558,0.467007026,0.392749116,0.297046495,0.190398516,0.091421035,0.028614521,0.003832629,0.0,0.0,0.0,0.0
2016-07-26,0.0,0.0,0.0,0.000119162,0.020877229,0.067373091,0.146075612,0.23849437,0.333875141,0.405503643,0.450953908,0.418603045,0.366461836,0.369802197,0.342821887,0.275330099,0.185533321,0.091127664,0.0284658,0.003550862,0.0,0.0,0.0,0.0
2016-07-27,0.0,0.0,0.0,3.13e-05,0.016938436,0.06128503,0.15057809,0.256913377,0.355390658,0.425065102,0.458697075,0.434618304,0.384393485,0.313648657,0.275901217,0.212747402,0.140074448,0.069695514,0.02348981,0.002762275,0.0,0.0,0.0,0.0
2016-07-28,0.0,0.0,0.0,0.0,0.016663487,0.058189308,0.146853086,0.252021688,0.353788528,0.436864369,0.482320368,0.459231097,0.340354462,0.176800523,0.126996315,0.182788106,0.158006272,0.082097307,0.026573457,0.002799492,0.0,0.0,0.0,0.0
2016-07-29,0.0,0.0,0.0,0.0,0.010837891,0.043378524,0.101651533,0.192412603,0.28392402,0.393540058,0.493328437,0.516413319,0.484020876,0.425750436,0.36354695,0.275331,0.168707608,0.078567659,0.026477472,0.002020099,0.0,0.0,0.0,0.0
2016-07-30,0.0,0.0,0.0,0.0,0.014490227,0.054993434,0.115483713,0.174725285,0.211557956,0.274077153,0.303026145,0.305309328,0.366148687,0.373976809,0.333465298,0.253116553,0.16271844,0.079097823,0.024583387,0.002087005,0.0,0.0,0.0,0.0
2016-07-31,0.0,0.0,0.0,0.0,0.008690815,0.041469804,0.101190519,0.17956412,0.279564061,0.396887991,0.478598447,0.510116855,0.49418507,0.452435341,0.384996929,0.294595113,0.187271533,0.086539312,0.025029948,0.001881201,0.0,0.0,0.0,0.0
2016-08-01,0.0,0.0,0.0,0.0,0.015734612,0.064169803,0.130586999,0.208047154,0.301452233,0.381732079,0.339157256,0.302540547,0.285944254,0.312151708,0.330700028,0.260789328,0.18056615,0.084568455,0.023967472,0.001592621,0.0,0.0,0.0,0.0
2016-08-02,0.0,0.0,0.0,0.0,0.014040062,0.059552015,0.13253827,0.238143299,0.335515796,0.376773509,0.456467017,0.508562651,0.510124697,0.463068279,0.38079076,0.279439365,0.178676157,0.082491001,0.024893887,0.00138576,0.0,0.0,0.0,0.0
2016-08-03,0.0,0.0,0.0,0.0,0.011359651,0.05254585,0.136011086,0.234602692,0.345786507,0.433829679,0.481880761,0.507404981,0.489699925,0.443587748,0.363182831,0.271414739,0.162116564,0.074800633,0.024192647,0.001046215,0.0,0.0,0.0,0.0
2016-08-04,0.0,0.0,0.0,0.0,0.004131747,0.021712462,0.053164613,0.123032178,0.235631402,0.312002936,0.373548345,0.387054738,0.386764324,0.339927117,0.265132362,0.192611111,0.136689862,0.079030618,0.024176412,0.000856774,0.0,0.0,0.0,0.0
2016-08-05,0.0,0.0,0.0,0.0,0.010564961,0.051046609,0.122683443,0.229510053,0.322963316,0.380084888,0.385560789,0.387804735,0.396435207,0.369561124,0.329154353,0.248190517,0.1585347,0.076412185,0.025179461,0.000640619,0.0,0.0,0.0,0.0
2016-08-06,0.0,0.0,0.0,0.0,0.009309707,0.048258983,0.138334459,0.246264466,0.352312406,0.440486308,0.497747313,0.51614597,0.502651248,0.464224915,0.388251332,0.288195809,0.177824772,0.078963135,0.022228091,0.000437116,0.0,0.0,0.0,0.0
2016-08-07,0.0,0.0,0.0,0.0,0.007995175,0.040844809,0.095301761,0.162243953,0.268067398,0.326156848,0.368449096,0.41112666,0.444732634,0.424815035,0.360902142,0.273155889,0.172046375,0.075177588,0.019216069,0.000340715,0.0,0.0,0.0,0.0
2016-08-08,0.0,0.0,0.0,0.0,0.008194728,0.045737558,0.134535058,0.241500986,0.325845944,0.332302329,0.276124431,0.23929623,0.278571382,0.31196963,0.321736265,0.250810489,0.155607239,0.07046849,0.017856497,0.00020542,0.0,0.0,0.0,0.0
2016-08-09,0.0,0.0,0.0,0.0,0.006848986,0.03941091,0.115530441,0.215689692,0.309744897,0.380729231,0.452936302,0.475310684,0.460197536,0.417401242,0.35624967,0.266332817,0.162625254,0.070650226,0.017560747,0.000103653,0.0,0.0,0.0,0.0
2016-08-10,0.0,0.0,0.0,0.0,0.00567607,0.039741749,0.133507137,0.245774994,0.34705273,0.424351357,0.475586843,0.510323129,0.501179587,0.44144667,0.361523214,0.257321543,0.156525483,0.075201687,0.020189708,3.22e-05,0.0,0.0,0.0,0.0
2016-08-11,0.0,0.0,0.0,0.0,0.006508943,0.040132176,0.121813551,0.208535833,0.270674603,0.329631218,0.340853795,0.374987069,0.38144257,0.350787914,0.313850175,0.253292602,0.168500801,0.071042971,0.015801814,1.88e-06,0.0,0.0,0.0,0.0
2016-08-12,0.0,0.0,0.0,0.0,0.006500578,0.046510868,0.100122789,0.138439851,0.141720364,0.118824429,0.123146327,0.122351615,0.1534665,0.151299192,0.121710982,0.101843034,0.080035334,0.047565698,0.013576329,0.0,0.0,0.0,0.0,0.0
2016-08-13,0.0,0.0,0.0,0.0,0.002329914,0.030055536,0.109189965,0.204739828,0.305195903,0.390382914,0.451948159,0.472286454,0.458279556,0.419173832,0.352073399,0.266233688,0.165114024,0.06720706,0.013747076,0.0,0.0,0.0,0.0,0.0
2016-08-14,0.0,0.0,0.0,0.0,0.005261757,0.046295539,0.118395725,0.218326752,0.320522924,0.395456466,0.449839924,0.471460894,0.454154843,0.382861004,0.315269628,0.249481137,0.15571995,0.063950569,0.012954706,0.0,0.0,0.0,0.0,0.0
2016-08-15,0.0,0.0,0.0,0.0,0.004559817,0.038906966,0.121666728,0.223115522,0.330006251,0.414779036,0.427881562,0.429925382,0.418083721,0.397642893,0.344386961,0.260944292,0.157170189,0.061240737,0.011735887,0.0,0.0,0.0,0.0,0.0
2016-08-16,0.0,0.0,0.0,0.0,0.003473511,0.03492113,0.10818795,0.217389971,0.317187631,0.393132985,0.457630097,0.476241963,0.463931594,0.42648574,0.360482644,0.269977305,0.1609816,0.061810248,0.0110221,0.0,0.0,0.0,0.0,0.0
2016-08-17,0.0,0.0,0.0,0.0,0.002853933,0.03093939,0.081304528,0.155636578,0.232747054,0.347621164,0.468109363,0.506455241,0.497910408,0.44921122,0.36946611,0.267618841,0.157275673,0.059285661,0.01000848,0.0,0.0,0.0,0.0,0.0
2016-08-18,0.0,0.0,0.0,0.0,0.002670128,0.035870265,0.11983517,0.229584791,0.334723208,0.43048937,0.492945361,0.513812307,0.497535027,0.446194692,0.364017443,0.262302061,0.153697208,0.057647681,0.009312799,0.0,0.0,0.0,0.0,0.0
2016-08-19,0.0,0.0,0.0,0.0,0.00277777,0.036743219,0.125024523,0.238614216,0.347498754,0.436378521,0.494893153,0.513213554,0.497856712,0.449621872,0.368217736,0.265490768,0.153865911,0.055823816,0.00837729,0.0,0.0,0.0,0.0,0.0
2016-08-20,0.0,0.0,0.0,0.0,0.00217402,0.034800053,0.119468508,0.23056641,0.337853315,0.426928728,0.483700084,0.48996165,0.44903301,0.370455563,0.273760798,0.183015999,0.103395435,0.04337834,0.005521568,0.0,0.0,0.0,0.0,0.0
2016-08-21,0.0,0.0,0.0,0.0,0.001924621,0.030527075,0.113242513,0.223887204,0.331430888,0.4206522,0.473933774,0.483223135,0.48287543,0.440243262,0.363408736,0.254137247,0.144606278,0.051397146,0.006843396,0.0,0.0,0.0,0.0,0.0
2016-08-22,0.0,0.0,0.0,0.0,0.001784984,0.03002116,0.072253793,0.101658244,0.136053407,0.207073506,0.241626239,0.251405444,0.263451249,0.234358367,0.189160225,0.148975759,0.105464169,0.042010428,0.005472535,0.0,0.0,0.0,0.0,0.0
2016-08-23,0.0,0.0,0.0,0.0,0.001475777,0.029771418,0.093555586,0.154760951,0.219436332,0.265022857,0.265822427,0.210539521,0.171172739,0.157916539,0.096372739,0.086072232,0.059405071,0.027781066,0.003449762,0.0,0.0,0.0,0.0,0.0
2016-08-24,0.0,0.0,0.0,0.0,0.001114072,0.027832701,0.108116871,0.210845879,0.311983762,0.396411801,0.446801596,0.454253959,0.442476842,0.395717156,0.322992192,0.228643837,0.127477487,0.04213754,0.004368502,0.0,0.0,0.0,0.0,0.0
2016-08-25,0.0,0.0,0.0,0.0,0.000884051,0.027138977,0.1094708,0.216492272,0.321389448,0.407939361,0.465788251,0.488646439,0.474305486,0.424290884,0.343892175,0.24229333,0.133941922,0.04276853,0.004127923,0.0,0.0,0.0,0.0,0.0
2016-08-26,0.0,0.0,0.0,0.0,0.000735933,0.026517404,0.108264852,0.216322374,0.323295553,0.411616509,0.470414211,0.493557107,0.478772721,0.427522673,0.345491238,0.242374985,0.132979455,0.041199767,0.003466462,0.0,0.0,0.0,0.0,0.0
2016-08-27,0.0,0.0,0.0,0.0,0.000566598,0.025193888,0.104304317,0.210452303,0.296999961,0.379859952,0.451622119,0.481270042,0.466846569,0.416597423,0.336200857,0.235097564,0.127928947,0.038592696,0.002859872,0.0,0.0,0.0,0.0,0.0
2016-08-28,0.0,0.0,0.0,0.0,0.000366138,0.024477215,0.100552483,0.194812284,0.302285561,0.390351925,0.443535556,0.445595581,0.39087126,0.339653852,0.300305458,0.185061594,0.085905266,0.02141731,0.001122702,0.0,0.0,0.0,0.0,0.0
2016-08-29,0.0,0.0,0.0,0.0,0.000212063,0.022430573,0.100810533,0.195252172,0.26267771,0.322114636,0.39775363,0.438626782,0.460776279,0.422970699,0.337173496,0.23350921,0.123965537,0.034993865,0.001932527,0.0,0.0,0.0,0.0,0.0
2016-08-30,0.0,0.0,0.0,0.0,8.31e-05,0.021056639,0.1009223,0.209307935,0.320006299,0.413467636,0.473497765,0.49625214,0.479025272,0.425435732,0.340488485,0.234881516,0.124080263,0.034019361,0.001578091,0.0,0.0,0.0,0.0,0.0
2016-08-31,0.0,0.0,0.0,0.0,1.09e-05,0.020747337,0.099998545,0.206538596,0.311441045,0.397823273,0.452901236,0.467067232,0.45446703,0.405832525,0.326273818,0.225123645,0.117629508,0.031052313,0.001148584,0.0,0.0,0.0,0.0,0.0
2016-09-01,0.0,0.0,0.0,0.0,0.0,0.019782449,0.099421015,0.207680043,0.31487048,0.403826687,0.46363331,0.487406978,0.472287969,0.419904913,0.335720173,0.228516883,0.115415534,0.030870014,0.00089625,0.0,0.0,0.0,0.0,0.0
2016-09-02,0.0,0.0,0.0,0.0,0.0,0.020365815,0.081399101,0.151450943,0.238551212,0.327225347,0.384141887,0.401504161,0.435828395,0.400962093,0.324311191,0.222223874,0.113780663,0.027779079,0.000587365,0.0,0.0,0.0,0.0,0.0
2016-09-03,0.0,0.0,0.0,0.0,0.0,0.019840944,0.07866022,0.163877488,0.243637398,0.265218852,0.239852136,0.232270549,0.215464069,0.180005396,0.140597291,0.099264178,0.057419231,0.016825565,0.000254591,0.0,0.0,0.0,0.0,0.0
2016-09-04,0.0,0.0,0.0,0.0,0.0,0.013222479,0.060426962,0.126956077,0.224809028,0.33683998,0.396434403,0.410631343,0.358232822,0.306159499,0.267368996,0.187605515,0.091885709,0.025048525,0.000206412,0.0,0.0,0.0,0.0,0.0
2016-09-05,0.0,0.0,0.0,0.0,0.0,0.010476254,0.045931015,0.068332194,0.107783049,0.138100457,0.183651814,0.21240094,0.259374586,0.263152869,0.221630339,0.151877593,0.087380953,0.020116619,6.3e-05,0.0,0.0,0.0,0.0,0.0
2016-09-06,0.0,0.0,0.0,0.0,0.0,0.009893604,0.046382977,0.107256473,0.186164903,0.273527626,0.377592471,0.418207699,0.413994161,0.373720652,0.301701906,0.204244702,0.100386467,0.020214828,1.25e-05,0.0,0.0,0.0,0.0,0.0
2016-09-07,0.0,0.0,0.0,0.0,0.0,0.01362688,0.087612067,0.191578779,0.294446538,0.370639263,0.427972869,0.459861282,0.443164143,0.387479839,0.303825267,0.200910621,0.095481572,0.01830707,0.0,0.0,0.0,0.0,0.0,0.0
2016-09-08,0.0,0.0,0.0,0.0,0.0,0.013226377,0.081555344,0.186901522,0.293809145,0.3813211,0.439225314,0.46136922,0.44524399,0.392264362,0.308275707,0.203921641,0.096405698,0.0170665,0.0,0.0,0.0,0.0,0.0,0.0
2016-09-09,0.0,0.0,0.0,0.0,0.0,0.01178571,0.084227924,0.190668465,0.296475607,0.383351662,0.43947303,0.458632423,0.4405874,0.382299931,0.28838769,0.176740375,0.075608588,0.013319995,0.0,0.0,0.0,0.0,0.0,0.0
2016-09-10,0.0,0.0,0.0,0.0,0.0,0.010981864,0.082467032,0.188895916,0.294730214,0.381128957,0.436106844,0.453045495,0.433315213,0.380033451,0.297019169,0.194460629,0.0888976,0.013891335,2.52e-07,0.0,0.0,0.0,0.0,0.0
2016-09-11,0.0,0.0,0.0,0.0,0.0,0.010141522,0.080828875,0.1870626,0.293075892,0.380282823,0.437549172,0.456959291,0.433498479,0.368346536,0.275294462,0.172987974,0.076500446,0.013077808,0.0,0.0,0.0,0.0,0.0,0.0
2016-09-12,0.0,0.0,0.0,0.0,0.0,0.008819024,0.071687785,0.155029306,0.204270018,0.269916732,0.322910851,0.340572718,0.323507,0.310719735,0.248482327,0.165520652,0.072251537,0.010146662,0.0,0.0,0.0,0.0,0.0,0.0
2016-09-13,0.0,0.0,0.0,0.0,0.0,0.008490695,0.075104341,0.179266347,0.283822953,0.3694936,0.424872428,0.443852845,0.424658815,0.369510193,0.284579116,0.180909894,0.077194144,0.009528871,0.0,0.0,0.0,0.0,0.0,0.0
2016-09-14,0.0,0.0,0.0,0.0,0.0,0.00774409,0.072643922,0.175841386,0.279864374,0.365525319,0.421167455,0.440550435,0.421679421,0.366579098,0.281732489,0.178231134,0.074765931,0.008539817,0.0,0.0,0.0,0.0,0.0,0.0
2016-09-15,0.0,0.0,0.0,0.0,0.0,0.00714623,0.071796504,0.175884952,0.280627812,0.366884037,0.422751735,0.441828788,0.422360535,0.366558912,0.280752325,0.176435519,0.072523753,0.007600916,0.0,0.0,0.0,0.0,0.0,0.0
2016-09-16,0.0,0.0,0.0,0.0,0.0,0.006546023,0.070829608,0.176321762,0.282498671,0.369436714,0.42572074,0.445282372,0.425817641,0.369568367,0.282743078,0.176732681,0.071176495,0.006739421,0.0,0.0,0.0,0.0,0.0,0.0
2016-09-17,0.0,0.0,0.0,0.0,0.0,0.004760031,0.032016305,0.070292268,0.150365332,0.237449351,0.297731625,0.330606928,0.304541532,0.282164536,0.214792014,0.129772394,0.051954406,0.005983488,0.0,0.0,0.0,0.0,0.0,0.0
2016-09-18,0.0,0.0,0.0,0.0,0.0,0.005466489,0.050282368,0.117548124,0.18570325,0.269299098,0.362284101,0.397831776,0.390946871,0.344015711,0.242674927,0.14255356,0.057505023,0.004801245,0.0,0.0,0.0,0.0,0.0,0.0
2016-09-19,0.0,0.0,0.0,0.0,0.0,0.004925703,0.066940793,0.17291402,0.27766179,0.35639808,0.392048999,0.418435865,0.409409189,0.358678381,0.27474532,0.169744382,0.060754128,0.004248493,0.0,0.0,0.0,0.0,0.0,0.0
2016-09-20,0.0,0.0,0.0,0.0,0.0,0.004457793,0.066017593,0.172635499,0.27985438,0.366319707,0.419560421,0.437208089,0.412383273,0.358944877,0.273316777,0.167292739,0.060843716,0.003658029,0.0,0.0,0.0,0.0,0.0,0.0
2016-09-21,0.0,0.0,0.0,0.0,0.0,0.003907222,0.063427755,0.171623221,0.279750176,0.367681009,0.42392379,0.442245154,0.420769124,0.3618393,0.271979704,0.163225425,0.057089172,0.002973109,0.0,0.0,0.0,0.0,0.0,0.0
2016-09-22,0.0,0.0,0.0,0.0,0.0,0.003378032,0.061701028,0.168848851,0.276165014,0.362928036,0.41788219,0.435156649,0.412471789,0.354187934,0.264299864,0.156899302,0.053323665,0.002378948,0.0,0.0,0.0,0.0,0.0,0.0
2016-09-23,0.0,0.0,0.0,0.0,0.0,0.002904231,0.058653375,0.161207677,0.263743035,0.343157363,0.371153605,0.34698248,0.310197871,0.251424208,0.174279163,0.10230808499999999,0.038740032,0.001914464,0.0,0.0,0.0,0.0,0.0,0.0
2016-09-24,0.0,0.0,0.0,0.0,0.0,0.002551082,0.054058157,0.14188523,0.225901862,0.307682572,0.372565359,0.386342161,0.380663696,0.345730867,0.263405245,0.154908235,0.048901401,0.00149949,0.0,0.0,0.0,0.0,0.0,0.0
2016-09-25,0.0,0.0,0.0,0.0,0.0,0.002285646,0.050542632,0.15594751,0.265506175,0.353387748,0.408614556,0.425468637,0.401567848,0.34198034,0.254657391,0.147562078,0.044514027,0.001076548,0.0,0.0,0.0,0.0,0.0,0.0
2016-09-26,0.0,0.0,0.0,0.0,0.0,0.001845792,0.053856104,0.161043627,0.269072715,0.356088008,0.41065293,0.426341577,0.40278065,0.342402704,0.250762914,0.138055457,0.034966146,0.000534528,0.0,0.0,0.0,0.0,0.0,0.0
2016-09-27,0.0,0.0,0.0,0.0,0.0,0.001513774,0.051981445,0.159246102,0.267550934,0.352152293,0.391739221,0.402319795,0.377340439,0.307253339,0.202318624,0.09656195,0.02746568,0.000490713,0.0,0.0,0.0,0.0,0.0,0.0
2016-09-28,0.0,0.0,0.0,0.0,0.0,0.001155963,0.048600166,0.153574881,0.260573818,0.347341703,0.40231847,0.41945668,0.396775911,0.336360311,0.245228341,0.136376462,0.032123596,0.000312559,0.0,0.0,0.0,0.0,0.0,0.0
2016-09-29,0.0,0.0,0.0,0.0,0.0,0.000720719,0.026286692,0.084911113,0.192993423,0.32789225,0.384110562,0.403558361,0.380895758,0.321845391,0.233387139,0.126976514,0.028274331,0.000122878,0.0,0.0,0.0,0.0,0.0,0.0
2016-09-30,0.0,0.0,0.0,0.0,0.0,0.000565444,0.019592175,0.052758109,0.085701778,0.110999879,0.135511693,0.157974661,0.216336707,0.226149824,0.162061099,0.098141919,0.024731358,3.08e-05,0.0,0.0,0.0,0.0,0.0,0.0
2016-10-01,0.0,0.0,0.0,0.0,0.0,0.000548636,0.028026229,0.092203061,0.190794764,0.31302699,0.371092278,0.379567363,0.355709201,0.305882292,0.227647249,0.124789644,0.027979827,2.32e-06,0.0,0.0,0.0,0.0,0.0,0.0
2016-10-02,0.0,0.0,0.0,0.0,0.0,0.000356166,0.035488892,0.120426686,0.18729245,0.263818388,0.367828286,0.411955329,0.38441607,0.318763596,0.22337888,0.109618165,0.023265394,0.0,0.0,0.0,0.0,0.0,0.0,0.0
2016-10-03,0.0,0.0,0.0,0.0,0.0,0.000180726,0.034843362,0.135581237,0.246817839,0.328919531,0.366219505,0.349222704,0.348502097,0.274085613,0.196189799,0.102691648,0.020494266,0.0,0.0,0.0,0.0,0.0,0.0,0.0
2016-10-04,0.0,0.0,0.0,0.0,0.0,4.25e-05,0.024830174,0.0973902,0.222612195,0.333392355,0.384672001,0.400346412,0.378405383,0.317496436,0.226290816,0.117048161,0.021088298,0.0,0.0,0.0,0.0,0.0,0.0,0.0
2016-10-05,0.0,0.0,0.0,0.0,0.0,0.0,0.036207403,0.142986412,0.252606362,0.340318637,0.394388153,0.409085391,0.383531589,0.320637809,0.226958095,0.115650367,0.019341918,0.0,0.0,0.0,0.0,0.0,0.0,0.0
2016-10-06,0.0,0.0,0.0,0.0,0.0,0.0,0.034354775,0.141048905,0.251084882,0.339243751,0.391062576,0.408485389,0.386264708,0.322891761,0.227614849,0.114264459,0.017745152,0.0,0.0,0.0,0.0,0.0,0.0,0.0
2016-10-07,0.0,0.0,0.0,0.0,0.0,0.0,0.031106104,0.133177106,0.237655186,0.310661761,0.354229965,0.373674533,0.326289936,0.260713496,0.196711619,0.102271418,0.014473953,0.0,0.0,0.0,0.0,0.0,0.0,0.0
2016-10-08,0.0,0.0,0.0,0.0,0.0,0.0,0.022157079,0.09407508,0.145465153,0.172825693,0.21642133,0.234051022,0.221960106,0.214099549,0.194036424,0.097718325,0.012774513,0.0,0.0,0.0,0.0,0.0,0.0,0.0
2016-10-09,0.0,0.0,0.0,0.0,0.0,0.0,0.02450268,0.123597982,0.239332821,0.32248214,0.361444371,0.361372056,0.309875357,0.252116618,0.188009821,0.092907025,0.011326053,0.0,0.0,0.0,0.0,0.0,0.0,0.0
2016-10-10,0.0,0.0,0.0,0.0,0.0,0.0,0.020767669,0.088328786,0.137913198,0.154329568,0.167306245,0.164836564,0.139279278,0.153479598,0.146957524,0.083386585,0.009936348,0.0,0.0,0.0,0.0,0.0,0.0,0.0
2016-10-11,0.0,0.0,0.0,0.0,0.0,0.0,0.019805423,0.107646185,0.207869119,0.2850898,0.335125434,0.344290485,0.309495588,0.253743028,0.176322195,0.084347618,0.008553539,0.0,0.0,0.0,0.0,0.0,0.0,0.0
2016-10-12,0.0,0.0,0.0,0.0,0.0,0.0,0.009383917,0.047397837,0.103233428,0.168557951,0.238153605,0.236725938,0.157317229,0.111608574,0.102739564,0.062737638,0.006387757,0.0,0.0,0.0,0.0,0.0,0.0,0.0
2016-10-13,0.0,0.0,0.0,0.0,0.0,0.0,0.017068394,0.104682849,0.210101221,0.310101928,0.356529108,0.356029227,0.325745566,0.28541721,0.191432086,0.084565727,0.006454212,0.0,0.0,0.0,0.0,0.0,0.0,0.0
2016-10-14,0.0,0.0,0.0,0.0,0.0,0.0,0.011215051,0.047019203,0.084389934,0.129389996,0.197402546,0.27129415,0.305801414,0.287280776,0.193147519,0.082588634,0.005650193,0.0,0.0,0.0,0.0,0.0,0.0,0.0
2016-10-15,0.0,0.0,0.0,0.0,0.0,0.0,0.010085991,0.056066283,0.122655445,0.197342544,0.302736584,0.311558886,0.25698742,0.244654539,0.169847997,0.067290025,0.003921384,0.0,0.0,0.0,0.0,0.0,0.0,0.0
2016-10-16,0.0,0.0,0.0,0.0,0.0,0.0,0.005240709,0.04917307,0.126735333,0.105016315,0.098574247,0.105926386,0.096973717,0.076081102,0.062740047,0.035165538,0.002697169,0.0,0.0,0.0,0.0,0.0,0.0,0.0
2016-10-17,0.0,0.0,0.0,0.0,0.0,0.0,0.012938042,0.106127837,0.215572766,0.302060001,0.355014612,0.369149246,0.34274114,0.27802257,0.182247606,0.068992879,0.002771318,0.0,0.0,0.0,0.0,0.0,0.0,0.0
2016-10-18,0.0,0.0,0.0,0.0,0.0,0.0,0.011991256,0.08719293,0.167577361,0.218933438,0.27908933,0.273496458,0.232244815,0.210379172,0.157494952,0.062667964,0.00242025,0.0,0.0,0.0,0.0,0.0,0.0,0.0
2016-10-19,0.0,0.0,0.0,0.0,0.0,0.0,0.005794376,0.038474058,0.083021164,0.136050438,0.147994008,0.152145327,0.158291923,0.118511966,0.071399525,0.02033493,0.00041342,0.0,0.0,0.0,0.0,0.0,0.0,0.0
2016-10-20,0.0,0.0,0.0,0.0,0.0,0.0,0.003974644,0.0330772,0.069608676,0.056243706,0.075184078,0.109075192,0.094995376,0.068681874,0.046107608,0.015834905,0.000540515,0.0,0.0,0.0,0.0,0.0,0.0,0.0
2016-10-21,0.0,0.0,0.0,0.0,0.0,0.0,0.0035843,0.038582351,0.106191227,0.182763511,0.229045809,0.227412335,0.194561125,0.16161592,0.131342753,0.052603165,0.000986866,0.0,0.0,0.0,0.0,0.0,0.0,0.0
2016-10-22,0.0,0.0,0.0,0.0,0.0,0.0,0.00346148,0.028640808,0.065543687,0.112610876,0.162751141,0.208904328,0.245370697,0.21240903,0.136055497,0.045507162,0.000699478,0.0,0.0,0.0,0.0,0.0,0.0,0.0
2016-10-23,0.0,0.0,0.0,0.0,0.0,0.0,0.002452183,0.023519421,0.063722108,0.128624454,0.192467448,0.217964568,0.210052165,0.16573496,0.106077086,0.040594784,0.000488025,0.0,0.0,0.0,0.0,0.0,0.0,0.0
2016-10-24,0.0,0.0,0.0,0.0,0.0,0.0,0.002676198,0.026961147,0.065432622,0.136457045,0.227153113,0.298695084,0.304915993,0.251283245,0.155891066,0.047334065,0.000342399,0.0,0.0,0.0,0.0,0.0,0.0,0.0
2016-10-25,0.0,0.0,0.0,0.0,0.0,0.0,0.003112497,0.035792747,0.120405994,0.246594401,0.31248226,0.310846989,0.263815952,0.169971869,0.078109684,0.022852879,0.000159063,0.0,0.0,0.0,0.0,0.0,0.0,0.0
2016-10-26,0.0,0.0,0.0,0.0,0.0,0.0,0.002593214,0.033984948,0.086083732,0.152642979,0.253455738,0.316099994,0.315366535,0.249583891,0.152697272,0.042173159,7.84e-05,0.0,0.0,0.0,0.0,0.0,0.0,0.0
2016-10-27,0.0,0.0,0.0,0.0,0.0,0.0,0.002408253,0.033995942,0.104776434,0.215189375,0.29996097,0.327498505,0.297518366,0.23198101,0.138390603,0.033569221,2.22e-05,0.0,0.0,0.0,0.0,0.0,0.0,0.0
2016-10-28,0.0,0.0,0.0,0.0,0.0,0.0,0.001709198,0.032920194,0.09124843,0.152578156,0.207439447,0.247639901,0.236615419,0.183245427,0.106873662,0.024274254,5.75e-07,0.0,0.0,0.0,0.0,0.0,0.0,0.0
2016-10-29,0.0,0.0,0.0,0.0,0.0,0.0,0.000940565,0.017184213,0.044717061,0.076079067,0.114642064,0.130566478,0.120574109,0.100944117,0.061514704,0.016478183,0.0,0.0,0.0,0.0,0.0,0.0,0.0,0.0
2016-10-30,0.0,0.0,0.0,0.0,0.0,0.0,0.001235867,0.035400358,0.152167697,0.2564878,0.305307876,0.311716135,0.291774098,0.227289434,0.131823622,0.028829886,0.0,0.0,0.0,0.0,0.0,0.0,0.0,0.0
2016-10-31,0.0,0.0,0.0,0.0,0.0,0.0,0.001068584,0.033506418,0.126124657,0.249861952,0.29942805,0.248614765,0.161082925,0.119414564,0.08228941,0.017175484,0.0,0.0,0.0,0.0,0.0,0.0,0.0,0.0
2016-11-01,0.0,0.0,0.0,0.0,0.0,0.0,0.000611903,0.019527259,0.054423933,0.110559192,0.182070635,0.198163655,0.201859429,0.174972744,0.100277779,0.018772217,0.0,0.0,0.0,0.0,0.0,0.0,0.0,0.0
2016-11-02,0.0,0.0,0.0,0.0,0.0,0.0,0.000590103,0.022103772,0.048402246,0.068653398,0.083372377,0.074535321,0.053779467,0.043752316,0.029520908,0.009372123,0.0,0.0,0.0,0.0,0.0,0.0,0.0,0.0
2016-11-03,0.0,0.0,0.0,0.0,0.0,0.0,0.000524704,0.041956363,0.102942028,0.147261482,0.193333617,0.247928631,0.239613458,0.180138239,0.093958611,0.01388506,0.0,0.0,0.0,0.0,0.0,0.0,0.0,0.0
2016-11-04,0.0,0.0,0.0,0.0,0.0,0.0,0.000309298,0.031282578,0.110851253,0.200469112,0.269649236,0.281606801,0.251429091,0.186625629,0.089184908,0.011603544,0.0,0.0,0.0,0.0,0.0,0.0,0.0,0.0
2016-11-05,0.0,0.0,0.0,0.0,0.0,0.0,0.000168502,0.020446811,0.052698206,0.086755458,0.111763976,0.111990066,0.108051754,0.085005689,0.044608223,0.007973754,0.0,0.0,0.0,0.0,0.0,0.0,0.0,0.0
2016-11-06,0.0,0.0,0.0,0.0,0.0,0.0,2.91e-05,0.019707563,0.067806534,0.133472668,0.197030883,0.215990872,0.198740121,0.13536005,0.060610455,0.008816321,0.0,0.0,0.0,0.0,0.0,0.0,0.0,0.0
2016-11-07,0.0,0.0,0.0,0.0,0.0,0.0,0.0,0.021976621,0.063063771,0.112554884,0.161761195,0.184376886,0.167534331,0.136639524,0.083821803,0.0118112,0.0,0.0,0.0,0.0,0.0,0.0,0.0,0.0
2016-11-08,0.0,0.0,0.0,0.0,0.0,0.0,0.0,0.024944887,0.101892248,0.183014077,0.241679054,0.264024355,0.243627193,0.193883632,0.108314673,0.013380611,0.0,0.0,0.0,0.0,0.0,0.0,0.0,0.0
2016-11-09,0.0,0.0,0.0,0.0,0.0,0.0,0.0,0.034595321,0.134787437,0.222420485,0.278888999,0.292755457,0.27414581,0.208571867,0.111244276,0.012995491,0.0,0.0,0.0,0.0,0.0,0.0,0.0,0.0
2016-11-10,0.0,0.0,0.0,0.0,0.0,0.0,0.0,0.017614797,0.066513177,0.132352456,0.179563521,0.194288779,0.179475701,0.122077765,0.047586949,0.005881823,0.0,0.0,0.0,0.0,0.0,0.0,0.0,0.0
2016-11-11,0.0,0.0,0.0,0.0,0.0,0.0,0.0,0.017197295,0.095549649,0.177298356,0.208942601,0.184885024,0.138297313,0.095473634,0.045607766,0.005713174,0.0,0.0,0.0,0.0,0.0,0.0,0.0,0.0
2016-11-12,0.0,0.0,0.0,0.0,0.0,0.0,0.0,0.033259062,0.145251109,0.238096798,0.293626347,0.306857574,0.276990621,0.206798846,0.10342474,0.009327373,0.0,0.0,0.0,0.0,0.0,0.0,0.0,0.0
2016-11-13,0.0,0.0,0.0,0.0,0.0,0.0,0.0,0.015816691,0.073225549,0.148919676,0.1885146,0.189812618,0.154080916,0.098979927,0.043034027,0.004578007,0.0,0.0,0.0,0.0,0.0,0.0,0.0,0.0
2016-11-14,0.0,0.0,0.0,0.0,0.0,0.0,0.0,0.008638019,0.037881831,0.086851071,0.148439383,0.175189891,0.192585347,0.164766779,0.083491426,0.00656285,0.0,0.0,0.0,0.0,0.0,0.0,0.0,0.0
2016-11-15,0.0,0.0,0.0,0.0,0.0,0.0,0.0,0.018911288,0.088729185,0.126351184,0.147356488,0.135363894,0.112025515,0.071438072,0.028474879,0.002432192,0.0,0.0,0.0,0.0,0.0,0.0,0.0,0.0
2016-11-16,0.0,0.0,0.0,0.0,0.0,0.0,0.0,0.006058235,0.028492604,0.050231437,0.06340387,0.063347046,0.050866139,0.038108359,0.019177309,0.001910668,0.0,0.0,0.0,0.0,0.0,0.0,0.0,0.0
2016-11-17,0.0,0.0,0.0,0.0,0.0,0.0,0.0,0.003997365,0.023058165,0.096806005,0.21905161,0.26421451,0.249407188,0.182248529,0.080628256,0.00376172,0.0,0.0,0.0,0.0,0.0,0.0,0.0,0.0
2016-11-18,0.0,0.0,0.0,0.0,0.0,0.0,0.0,0.00901582,0.053669105,0.072534834,0.103427361,0.120167365,0.151279242,0.165843105,0.079673841,0.004191604,0.0,0.0,0.0,0.0,0.0,0.0,0.0,0.0
2016-11-19,0.0,0.0,0.0,0.0,0.0,0.0,0.0,0.006772606,0.042327273,0.08619072,0.115708273,0.172695985,0.171247011,0.118712559,0.053525607,0.002914662,0.0,0.0,0.0,0.0,0.0,0.0,0.0,0.0
2016-11-20,0.0,0.0,0.0,0.0,0.0,0.0,0.0,0.00418673,0.022152611,0.033728697,0.035212176,0.064036432,0.121136414,0.114407675,0.053812723,0.002748017,0.0,0.0,0.0,0.0,0.0,0.0,0.0,0.0
2016-11-21,0.0,0.0,0.0,0.0,0.0,0.0,0.0,0.003108972,0.009415923,0.008794607,0.033595415,0.065942986,0.106399013,0.089769792,0.026585211,0.000933014,0.0,0.0,0.0,0.0,0.0,0.0,0.0,0.0
2016-11-22,0.0,0.0,0.0,0.0,0.0,0.0,0.0,0.002648409,0.018130835,0.041710117,0.061774834,0.079567056,0.073472989,0.057494998,0.020901209,0.001184017,0.0,0.0,0.0,0.0,0.0,0.0,0.0,0.0
2016-11-23,0.0,0.0,0.0,0.0,0.0,0.0,0.0,0.008566458,0.083510577,0.165340133,0.231663247,0.25998653,0.236898705,0.169782971,0.068323418,0.00196262,0.0,0.0,0.0,0.0,0.0,0.0,0.0,0.0
2016-11-24,0.0,0.0,0.0,0.0,0.0,0.0,0.0,0.005247063,0.035262955,0.062074195,0.108578824,0.104264763,0.066442405,0.07983112,0.047924103,0.001545274,0.0,0.0,0.0,0.0,0.0,0.0,0.0,0.0
2016-11-25,0.0,0.0,0.0,0.0,0.0,0.0,0.0,0.007177752,0.089941004,0.182980709,0.23987268,0.256282795,0.230738569,0.1652284,0.066835569,0.001587648,0.0,0.0,0.0,0.0,0.0,0.0,0.0,0.0
2016-11-26,0.0,0.0,0.0,0.0,0.0,0.0,0.0,0.007649183,0.09209709,0.182600771,0.242175048,0.260697721,0.233952516,0.166558293,0.066270104,0.001401021,0.0,0.0,0.0,0.0,0.0,0.0,0.0,0.0
2016-11-27,0.0,0.0,0.0,0.0,0.0,0.0,0.0,0.006561996,0.089734118,0.183023188,0.239858371,0.243971854,0.196558679,0.130237691,0.042465647,0.000867364,0.0,0.0,0.0,0.0,0.0,0.0,0.0,0.0
2016-11-28,0.0,0.0,0.0,0.0,0.0,0.0,0.0,0.004669819,0.072213895,0.164084087,0.214046309,0.235853743,0.218387089,0.159393273,0.062237043,0.001011394,0.0,0.0,0.0,0.0,0.0,0.0,0.0,0.0
2016-11-29,0.0,0.0,0.0,0.0,0.0,0.0,0.0,0.005228893,0.087298451,0.183032928,0.242048313,0.258777152,0.230453871,0.163294472,0.062478595,0.000913884,0.0,0.0,0.0,0.0,0.0,0.0,0.0,0.0
2016-11-30,0.0,0.0,0.0,0.0,0.0,0.0,0.0,0.004479833,0.08466209,0.181590802,0.241905851,0.259763919,0.23381335,0.165908679,0.06269393,0.000814229,0.0,0.0,0.0,0.0,0.0,0.0,0.0,0.0
2016-12-01,0.0,0.0,0.0,0.0,0.0,0.0,0.0,0.002156557,0.0280246,0.0525665,0.081290148,0.10123913,0.095296325,0.078944371,0.031524393,0.000573193,0.0,0.0,0.0,0.0,0.0,0.0,0.0,0.0
2016-12-02,0.0,0.0,0.0,0.0,0.0,0.0,0.0,0.001429878,0.024725021,0.048021395,0.060662412,0.075031319,0.078677868,0.055249836,0.021596496,0.000403308,0.0,0.0,0.0,0.0,0.0,0.0,0.0,0.0
2016-12-03,0.0,0.0,0.0,0.0,0.0,0.0,0.0,0.002601439,0.069577888,0.163966211,0.226412835,0.242684012,0.206533439,0.137851789,0.049864017,0.000514182,0.0,0.0,0.0,0.0,0.0,0.0,0.0,0.0
2016-12-04,0.0,0.0,0.0,0.0,0.0,0.0,0.0,0.00237555,0.07182312,0.162498797,0.222687864,0.243583707,0.221393345,0.155825725,0.056289026,0.000498596,0.0,0.0,0.0,0.0,0.0,0.0,0.0,0.0
2016-12-05,0.0,0.0,0.0,0.0,0.0,0.0,0.0,0.001288314,0.056645185,0.170367456,0.231993272,0.25113104,0.226341974,0.15934968,0.057086795,0.000462986,0.0,0.0,0.0,0.0,0.0,0.0,0.0,0.0
2016-12-06,0.0,0.0,0.0,0.0,0.0,0.0,0.0,0.001779808,0.071378059,0.170410461,0.232338402,0.251536609,0.226749536,0.159697668,0.056995951,0.000429236,0.0,0.0,0.0,0.0,0.0,0.0,0.0,0.0
2016-12-07,0.0,0.0,0.0,0.0,0.0,0.0,0.0,0.001260006,0.062224363,0.158383665,0.220588395,0.240772489,0.216729568,0.150049485,0.050586137,0.000359949,0.0,0.0,0.0,0.0,0.0,0.0,0.0,0.0
2016-12-08,0.0,0.0,0.0,0.0,0.0,0.0,0.0,0.000699256,0.020910445,0.048236352,0.063115739,0.075802356,0.084820347,0.064105661,0.021747684,0.000325477,0.0,0.0,0.0,0.0,0.0,0.0,0.0,0.0
2016-12-09,0.0,0.0,0.0,0.0,0.0,0.0,0.0,0.000644084,0.021460712,0.055514956,0.081534431,0.080605173,0.066182401,0.033521384,0.006444479,8.2e-05,0.0,0.0,0.0,0.0,0.0,0.0,0.0,0.0
2016-12-10,0.0,0.0,0.0,0.0,0.0,0.0,0.0,0.000270111,0.009822622,0.025489914,0.035983307,0.036105985,0.03323099,0.024188478,0.010513497,0.000180754,0.0,0.0,0.0,0.0,0.0,0.0,0.0,0.0
2016-12-11,0.0,0.0,0.0,0.0,0.0,0.0,0.0,0.000186401,0.007299879,0.021350181,0.03766505,0.047503794,0.042917398,0.029405236,0.01065745,0.000155436,0.0,0.0,0.0,0.0,0.0,0.0,0.0,0.0
2016-12-12,0.0,0.0,0.0,0.0,0.0,0.0,0.0,0.000300595,0.022423295,0.055383808,0.069179844,0.06293014,0.053430517,0.03503484,0.012909648,0.000189753,0.0,0.0,0.0,0.0,0.0,0.0,0.0,0.0
2016-12-13,0.0,0.0,0.0,0.0,0.0,0.0,0.0,0.000231605,0.014273628,0.031602042,0.042213117,0.050142864,0.051014507,0.036639868,0.013281925,0.000209194,0.0,0.0,0.0,0.0,0.0,0.0,0.0,0.0
2016-12-14,0.0,0.0,0.0,0.0,0.0,0.0,0.0,0.000101435,0.00717851,0.021397241,0.034729079,0.046509806,0.045858397,0.0302426,0.010331194,0.000154483,0.0,0.0,0.0,0.0,0.0,0.0,0.0,0.0
2016-12-15,0.0,0.0,0.0,0.0,0.0,0.0,0.0,8.89e-05,0.00803337,0.020570965,0.031813406,0.040071191,0.042266868,0.028457202,0.010319427,0.000165815,0.0,0.0,0.0,0.0,0.0,0.0,0.0,0.0
2016-12-16,0.0,0.0,0.0,0.0,0.0,0.0,0.0,9.99e-05,0.013287351,0.049510059,0.122405932,0.151987578,0.137871373,0.098656851,0.036040817,0.000313127,0.0,0.0,0.0,0.0,0.0,0.0,0.0,0.0
2016-12-17,0.0,0.0,0.0,0.0,0.0,0.0,0.0,0.000127909,0.037916723,0.134154759,0.205187589,0.224222505,0.19436488,0.129170298,0.041602024,0.000347146,0.0,0.0,0.0,0.0,0.0,0.0,0.0,0.0
2016-12-18,0.0,0.0,0.0,0.0,0.0,0.0,0.0,7.01e-05,0.00990936,0.026513671,0.040295281,0.047359033,0.04346821,0.029399468,0.011199941,0.000210271,0.0,0.0,0.0,0.0,0.0,0.0,0.0,0.0
2016-12-19,0.0,0.0,0.0,0.0,0.0,0.0,0.0,3.5e-05,0.012722503,0.040103965,0.065685003,0.075710695,0.072322579,0.043388822,0.014878178,0.000270911,0.0,0.0,0.0,0.0,0.0,0.0,0.0,0.0
2016-12-20,0.0,0.0,0.0,0.0,0.0,0.0,0.0,2.16e-05,0.011527622,0.033939434,0.053761164,0.071767995,0.072118769,0.056472696,0.019193391,0.000326113,0.0,0.0,0.0,0.0,0.0,0.0,0.0,0.0
2016-12-21,0.0,0.0,0.0,0.0,0.0,0.0,0.0,1.22e-05,0.043936626,0.141923229,0.20799452,0.231935645,0.21250106,0.151076439,0.054775659,0.000506472,0.0,0.0,0.0,0.0,0.0,0.0,0.0,0.0
2016-12-22,0.0,0.0,0.0,0.0,0.0,0.0,0.0,1.15e-05,0.043518948,0.138730175,0.198735296,0.212521908,0.197139867,0.12572529,0.03396951,0.000346517,0.0,0.0,0.0,0.0,0.0,0.0,0.0,0.0
2016-12-23,0.0,0.0,0.0,0.0,0.0,0.0,0.0,0.0,0.007904821,0.021475951,0.032951824,0.040550597,0.04096081,0.030004466,0.01206749,0.000322253,0.0,0.0,0.0,0.0,0.0,0.0,0.0,0.0
2016-12-24,0.0,0.0,0.0,0.0,0.0,0.0,0.0,0.0,0.010663271,0.031021905,0.048185089,0.062046269,0.074072418,0.04842899,0.019548651,0.000540877,0.0,0.0,0.0,0.0,0.0,0.0,0.0,0.0
2016-12-25,0.0,0.0,0.0,0.0,0.0,0.0,0.0,0.0,0.042245896,0.13737375,0.201167146,0.224596948,0.208315063,0.150334421,0.05466204,0.00070059,0.0,0.0,0.0,0.0,0.0,0.0,0.0,0.0
2016-12-26,0.0,0.0,0.0,0.0,0.0,0.0,0.0,0.0,0.011026726,0.032934947,0.049154795,0.057492708,0.055070116,0.037964176,0.015265532,0.000519504,0.0,0.0,0.0,0.0,0.0,0.0,0.0,0.0
2016-12-27,0.0,0.0,0.0,0.0,0.0,0.0,0.0,0.0,0.040787216,0.140208218,0.206722885,0.228936121,0.205478381,0.143755685,0.055463685,0.001032092,0.0,0.0,0.0,0.0,0.0,0.0,0.0,0.0
2016-12-28,0.0,0.0,0.0,0.0,0.0,0.0,0.0,0.0,0.039476986,0.131638691,0.194033808,0.218618889,0.201678117,0.145252394,0.05650147,0.001140155,0.0,0.0,0.0,0.0,0.0,0.0,0.0,0.0
2016-12-29,0.0,0.0,0.0,0.0,0.0,0.0,0.0,0.0,0.018541522,0.063945778,0.116604937,0.170744524,0.188978958,0.14830052,0.06077578,0.001392982,0.0,0.0,0.0,0.0,0.0,0.0,0.0,0.0
2016-12-30,0.0,0.0,0.0,0.0,0.0,0.0,0.0,0.0,0.017822199,0.1219469,0.206284259,0.233573008,0.21758423,0.159498858,0.065414182,0.00165994,0.0,0.0,0.0,0.0,0.0,0.0,0.0,0.0
2016-12-31,0.0,0.0,0.0,0.0,0.0,0.0,0.0,0.0,0.042619283,0.141815083,0.210611542,0.238044144,0.221595864,0.162739001,0.067900848,0.001929766,0.0,0.0,0.0,0.0,0.0,0.0,0.0,0.0
