date,0,1,2,3,4,5,6,7,8,9,10,11,12,13,14,15,16,17,18,19,20,21,22,23
2022-01-01,0.29969999999999997,0.29969999999999997,0.309,0.23379999999999998,0.21267,0.2147,0.21559,0.21825999999999998,0.22465999999999997,0.24505,0.25179,0.2591,0.26974,0.2718,0.27217,0.27627,0.3016,0.32497,0.32133,0.31528,0.29688,0.27760999999999997,0.27246,0.26016
2022-01-02,0.23207999999999998,0.22759,0.22397,0.20994,0.20456,0.20897,0.20951999999999998,0.2168,0.22394999999999998,0.23501,0.24508999999999997,0.24125999999999997,0.23953999999999998,0.22196,0.22405999999999998,0.24999,0.26,0.275,0.2849,0.2749,0.252,0.22116,0.22129,0.20793
2022-01-03,0.17531,0.17498999999999998,0.17493,0.17395,0.174,0.175,0.21097,0.26534,0.295,0.3049,0.29403999999999997,0.29419,0.295,0.29762,0.31318,0.3181,0.311,0.32349,0.389,0.367,0.3248,0.31921999999999995,0.305,0.285
2022-01-04,0.3699,0.31225,0.3122,0.29430999999999996,0.29213,0.2949,0.33191,0.35763999999999996,0.35390999999999995,0.365,0.36488,0.35741999999999996,0.35746,0.35458999999999996,0.354,0.35592999999999997,0.34169,0.36488,0.35994,0.35399,0.33111999999999997,0.32999,0.31292,0.28099999999999997
2022-01-05,0.30388,0.28887999999999997,0.2595,0.25038,0.25411,0.26979,0.33299999999999996,0.36304,0.4024,0.406,0.40369999999999995,0.395,0.37363,0.375,0.395,0.39,0.40369999999999995,0.474,0.49024999999999996,0.42602999999999996,0.35609999999999997,0.4028,0.31645,0.315
2022-01-06,0.4,0.36287,0.393,0.363,0.3749,0.362,0.39056,0.40325,0.425,0.46755,0.44367,0.4069,0.401,0.3842,0.39105999999999996,0.40576999999999996,0.42095,0.44911,0.44844,0.3941,0.39358000000000004,0.37831,0.35969999999999996,0.31148
2022-01-07,0.30391999999999997,0.30298,0.29093,0.28242,0.2823,0.29259,0.32861,0.3643,0.4049,0.43,0.415,0.4204,0.38508,0.415,0.40806,0.39937,0.415,0.41959,0.43814,0.437,0.41303,0.38881,0.433,0.43224999999999997
2022-01-08,0.37529999999999997,0.35119999999999996,0.34099999999999997,0.33738,0.33499999999999996,0.32930000000000004,0.34099999999999997,0.35790999999999995,0.39088999999999996,0.406,0.40395,0.39039,0.38168,0.36,0.34452,0.3378,0.3369,0.3649,0.37529999999999997,0.375,0.40700000000000003,0.34075,0.32461,0.3246
2022-01-09,0.31632,0.275,0.25523999999999997,0.23046,0.22429,0.22563999999999998,0.24929,0.262,0.27493999999999996,0.36019999999999996,0.33799999999999997,0.32465,0.3417,0.34006000000000003,0.34509,0.36404,0.36596,0.3983,0.41894,0.415,0.40581999999999996,0.38902000000000003,0.39088,0.3788
2022-01-10,0.37122999999999995,0.36685,0.37090999999999996,0.36166,0.35304,0.36665000000000003,0.41244,0.47495,0.48892,0.49,0.48541,0.48507999999999996,0.475,0.47201,0.47496,0.4663,0.47622000000000003,0.48489999999999994,0.48582,0.46998,0.44244999999999995,0.386,0.39203,0.3659
2022-01-11,0.38534,0.37742,0.3726,0.368,0.3699,0.37944999999999995,0.36629999999999996,0.383,0.41569999999999996,0.47216,0.45202,0.4058,0.38849999999999996,0.4149,0.43001,0.45289999999999997,0.46493999999999996,0.49139999999999995,0.49089999999999995,0.48419999999999996,0.46032999999999996,0.4132,0.37739999999999996,0.3651
2022-01-12,0.37165000000000004,0.3621,0.35927,0.35458,0.35333000000000003,0.3685,0.35619999999999996,0.44818,0.4751,0.46774,0.4505,0.43365,0.42011,0.40708,0.40976999999999997,0.41501,0.43,0.45982,0.46097,0.44403,0.38847,0.345,0.36,0.356
2022-01-13,0.3486,0.3494,0.3619,0.359,0.3648,0.3485,0.3635,0.36690999999999996,0.405,0.36695,0.371,0.3628,0.345,0.3458,0.351,0.3749,0.37714,0.413,0.36729999999999996,0.36729999999999996,0.36729999999999996,0.3619,0.3599,0.3527
2022-01-14,0.363,0.33599999999999997,0.33099,0.33092,0.32799999999999996,0.33699999999999997,0.34909999999999997,0.3735,0.4251,0.415,0.34497,0.33699999999999997,0.34909999999999997,0.3367,0.33036,0.389,0.38159,0.437,0.40902,0.36751,0.36090999999999995,0.35208,0.344,0.33619999999999994
2022-01-15,0.39701,0.36490999999999996,0.347,0.33619999999999994,0.3549,0.3569,0.35609999999999997,0.36669999999999997,0.3749,0.405,0.39738999999999997,0.38992,0.38343,0.375,0.37809,0.38898,0.40132,0.435,0.44203,0.43641,0.41862,0.385,0.3751,0.374
2022-01-16,0.40091999999999994,0.391,0.35533000000000003,0.356,0.34431,0.34101,0.31393,0.31658,0.34368,0.36873999999999996,0.395,0.369,0.38911,0.372,0.395,0.374,0.374,0.435,0.41124,0.385,0.41364999999999996,0.406,0.382,0.3649
2022-01-17,0.35209,0.3741,0.3586,0.33921,0.34009,0.34309999999999996,0.3769,0.374,0.425,0.4249,0.3751,0.374,0.3516,0.374,0.374,0.415,0.375,0.4649,0.415,0.3749,0.374,0.357,0.40513999999999994,0.36528
2022-01-18,0.38446,0.37239,0.3574,0.36011000000000004,0.36899,0.3574,0.4041,0.44849,0.4694,0.46564,0.45039999999999997,0.4401,0.425,0.41927000000000003,0.41802,0.42422,0.3603,0.453,0.3739,0.35416,0.38798,0.3478,0.357,0.36
2022-01-19,0.3557,0.3543,0.357,0.353,0.355,0.371,0.3549,0.36131,0.41925999999999997,0.4149,0.369,0.359,0.35951,0.33249,0.359,0.372,0.34501,0.394,0.33184,0.3327,0.32930000000000004,0.32499999999999996,0.32819999999999994,0.29927
2022-01-20,0.30616,0.30196,0.29,0.28714,0.28725999999999996,0.29447,0.33499999999999996,0.394,0.395,0.394,0.3549,0.3399,0.305,0.29930999999999996,0.31079,0.355,0.33999999999999997,0.40191999999999994,0.3633,0.35497,0.33509999999999995,0.32699999999999996,0.34519999999999995,0.33499999999999996
2022-01-21,0.32499999999999996,0.32499999999999996,0.3255,0.3255,0.33509999999999995,0.3255,0.32986000000000004,0.34996,0.363,0.35277000000000003,0.35626,0.37127,0.34375,0.32499999999999996,0.35097999999999996,0.365,0.37300999999999995,0.377,0.3416,0.33499999999999996,0.3416,0.32789999999999997,0.355,0.31804
2022-01-22,0.3176,0.31589,0.3206,0.315,0.3206,0.32599999999999996,0.345,0.32489999999999997,0.3543,0.37500999999999995,0.37802,0.37966,0.36482,0.3599,0.35509999999999997,0.3715,0.3559,0.39731,0.39494999999999997,0.355,0.35558,0.346,0.36033000000000004,0.3548
2022-01-23,0.35375999999999996,0.351,0.35509999999999997,0.35473,0.35404,0.35448999999999997,0.34068,0.33877999999999997,0.36068,0.37031000000000003,0.37034,0.37087000000000003,0.37041,0.36129,0.35949,0.365,0.369,0.38995,0.41449,0.41723,0.39996,0.37983999999999996,0.376,0.34209999999999996
2022-01-24,0.35392,0.35461,0.3533,0.35246,0.35261,0.3609,0.35219999999999996,0.44,0.47502,0.47439,0.45088,0.445,0.42084,0.41508,0.419,0.43149,0.44856999999999997,0.48238,0.51685,0.49030999999999997,0.44998,0.425,0.39052,0.375
2022-01-25,0.38526,0.3879,0.37875,0.37124,0.3679,0.3555,0.3549,0.41001,0.565,0.5740099999999999,0.5349999999999999,0.5224,0.485,0.4751,0.485,0.488,0.45150999999999997,0.5414300000000001,0.57406,0.5487500000000001,0.441,0.3751,0.394,0.38
2022-01-26,0.37029999999999996,0.3765,0.3711,0.3765,0.377,0.37941,0.40097,0.4073,0.45932,0.47008,0.47135,0.444,0.4149,0.39997,0.39302000000000004,0.395,0.38715,0.41881,0.3749,0.3721,0.39254,0.3827,0.399,0.31699999999999995
2022-01-27,0.375,0.32299999999999995,0.29512,0.29362,0.28973,0.29633,0.3699,0.41569999999999996,0.4098,0.41205,0.424,0.417,0.401,0.385,0.377,0.394,0.393,0.42,0.44624,0.39991,0.36972,0.3549,0.3849,0.355
2022-01-28,0.35643,0.305,0.30218,0.355,0.32499999999999996,0.35509999999999997,0.3942,0.385,0.473,0.4975,0.4735,0.39490000000000003,0.38537999999999994,0.4051,0.40867,0.41208,0.41291999999999995,0.435,0.42347,0.37163999999999997,0.38822,0.3528,0.3596,0.31989999999999996
2022-01-29,0.355,0.29795,0.28812,0.252,0.20442,0.23484,0.24601,0.27098,0.3765,0.386,0.37639999999999996,0.3751,0.3549,0.29781,0.347,0.35819999999999996,0.3749,0.42,0.447,0.3649,0.40900000000000003,0.394,0.3151,0.28839
2022-01-30,0.2249,0.27494999999999997,0.27129,0.2799,0.2749,0.28476,0.28993,0.32499999999999996,0.3762,0.399,0.3636,0.3215,0.33499999999999996,0.3554,0.3762,0.38403,0.3919,0.475,0.472,0.3628,0.3762,0.3751,0.33246,0.31936
2022-01-31,0.33503,0.28517,0.299,0.275,0.27513,0.3104,0.35509999999999997,0.415,0.41809999999999997,0.42691999999999997,0.42308,0.41258,0.405,0.37768,0.37061,0.36595,0.36791999999999997,0.41567,0.42284,0.39365,0.39407,0.3751,0.3751,0.3762
2022-02-01,0.4001,0.3758,0.37,0.3549,0.3398,0.33719,0.376,0.413,0.41896999999999995,0.437,0.4,0.397,0.361,0.375,0.355,0.3514,0.355,0.3514,0.375,0.3649,0.35907,0.32489999999999997,0.312,0.29644
2022-02-02,0.29103,0.285,0.27020999999999995,0.27253,0.28309,0.29606,0.3366,0.352,0.37173999999999996,0.36225999999999997,0.365,0.37494,0.345,0.35509999999999997,0.34813,0.36809000000000003,0.37653000000000003,0.41301,0.44189999999999996,0.44,0.412,0.3624,0.36975,0.35847999999999997
2022-02-03,0.33065999999999995,0.3296,0.3297,0.32989999999999997,0.33381,0.33486,0.3399,0.3666,0.39000999999999997,0.39180000000000004,0.38825999999999994,0.384,0.366,0.36399000000000004,0.3699,0.34561,0.35509999999999997,0.39915,0.41141,0.35421,0.35423,0.35459999999999997,0.36180999999999996,0.32489999999999997
2022-02-04,0.35459999999999997,0.30269999999999997,0.30123999999999995,0.30544,0.30082,0.29694,0.32611999999999997,0.367,0.39405,0.40695,0.385,0.3911,0.375,0.36618,0.35092999999999996,0.351,0.3499,0.37131000000000003,0.422,0.3559,0.35459999999999997,0.34994,0.32394,0.29203
2022-02-05,0.29213,0.28286,0.28141,0.28121999999999997,0.28964999999999996,0.29154,0.29574,0.37495999999999996,0.3863,0.395,0.32489999999999997,0.295,0.2849,0.2499,0.2551,0.275,0.3106,0.34199999999999997,0.354,0.32489999999999997,0.2949,0.285,0.28339,0.28002
2022-02-06,0.28296,0.27947,0.245,0.187,0.19666,0.18245,0.211,0.243,0.27909,0.2949,0.305,0.365,0.373,0.359,0.32489999999999997,0.32398,0.3049,0.366,0.41811,0.36500999999999995,0.32489999999999997,0.29639,0.2949,0.2839
2022-02-07,0.28312,0.23299999999999998,0.18927,0.18508,0.1888,0.2751,0.3082,0.4049,0.447,0.41596,0.3549,0.32497,0.29647999999999997,0.3049,0.33005,0.379,0.374,0.4041,0.4294,0.375,0.3849,0.38880000000000003,0.35509999999999997,0.2942
2022-02-08,0.29679999999999995,0.29251,0.28286,0.28691,0.27902,0.28491,0.35519999999999996,0.35531999999999997,0.39400999999999997,0.397,0.36597,0.33836,0.32099999999999995,0.32981,0.34873,0.375,0.36963,0.39549999999999996,0.42005000000000003,0.39409,0.3499,0.34743,0.34550000000000003,0.30152999999999996
2022-02-09,0.29546,0.28787999999999997,0.294,0.28391,0.28652,0.29398,0.30518,0.374,0.3633,0.375,0.3549,0.35509999999999997,0.34936,0.35504,0.3571,0.35509999999999997,0.36495,0.394,0.42412,0.43227999999999994,0.39405,0.38199,0.3817,0.36086
2022-02-10,0.3749,0.36761,0.3601,0.34723,0.34791,0.34987999999999997,0.3593,0.40846,0.41532,0.39408,0.35509999999999997,0.38,0.37,0.33999999999999997,0.34984,0.35955000000000004,0.37098,0.39077,0.39405999999999997,0.34538,0.3449,0.358,0.33509999999999995,0.3069
2022-02-11,0.34828,0.35084,0.34353999999999996,0.33894,0.33999999999999997,0.3463,0.37195,0.39569999999999994,0.39361,0.34512,0.31272999999999995,0.29708999999999997,0.29906,0.2999,0.309,0.3426,0.36691999999999997,0.39557,0.41835,0.41618,0.39631,0.38780000000000003,0.38044,0.36415
2022-02-12,0.37090999999999996,0.36219999999999997,0.35989,0.34524,0.34099999999999997,0.33319999999999994,0.33609999999999995,0.32499999999999996,0.36619999999999997,0.3869,0.29087999999999997,0.28115999999999997,0.28728,0.28256,0.27076999999999996,0.33499999999999996,0.34656,0.36988999999999994,0.397,0.37497,0.393,0.33499999999999996,0.3325,0.315
2022-02-13,0.355,0.345,0.32299999999999995,0.32299999999999995,0.33741999999999994,0.3242,0.34387999999999996,0.32292,0.32489999999999997,0.309,0.275,0.2649,0.27092,0.22049999999999997,0.241,0.25678,0.27973,0.3,0.3786,0.411,0.35421,0.33499999999999996,0.3081,0.2849
2022-02-14,0.355,0.32489999999999997,0.29399,0.285,0.28395,0.28676,0.33509999999999995,0.373,0.35509999999999997,0.413,0.405,0.401,0.379,0.345,0.299,0.33499999999999996,0.3476,0.37844999999999995,0.41679,0.3893,0.3449,0.35509999999999997,0.357,0.35928
2022-02-15,0.33497999999999994,0.3468,0.347,0.353,0.3656,0.367,0.3792,0.40906,0.42506,0.415,0.39543,0.37273999999999996,0.35778,0.33728,0.35366,0.34799,0.36369999999999997,0.357,0.39403999999999995,0.45202,0.4338,0.37097,0.396,0.3752
2022-02-16,0.36684,0.381,0.363,0.3044,0.27887,0.28567,0.30793000000000004,0.3577,0.3689,0.34986,0.32499999999999996,0.33319999999999994,0.33009,0.33319999999999994,0.33309,0.33826999999999996,0.3355,0.3524,0.38293999999999995,0.38776,0.3549,0.33303,0.32889999999999997,0.2985
2022-02-17,0.2649,0.2439,0.22599999999999998,0.19021,0.19004,0.20801999999999998,0.26593,0.31901,0.3887,0.34843,0.27005999999999997,0.2769,0.24811,0.20293,0.21767999999999998,0.259,0.31679,0.33699999999999997,0.398,0.374,0.34509999999999996,0.34004,0.32463,0.34185
2022-02-18,0.35509999999999997,0.37494,0.38499,0.37495999999999996,0.31808000000000003,0.29408999999999996,0.31599,0.36005,0.36428,0.34824,0.32499999999999996,0.32499999999999996,0.3397,0.35509999999999997,0.3747,0.3822,0.3901,0.39352,0.41705000000000003,0.3952,0.32499999999999996,0.32499999999999996,0.35509999999999997,0.3398
2022-02-19,0.28375,0.27960999999999997,0.26987,0.22499999999999998,0.18596,0.244,0.26904,0.27503,0.2849,0.28091,0.207,0.175,0.175,0.175,0.21128,0.255,0.29074,0.29309999999999997,0.37856999999999996,0.39391,0.33294999999999997,0.3499,0.3319,0.32989999999999997
2022-02-20,0.27937999999999996,0.2749,0.275,0.27518,0.26416,0.26217,0.255,0.25508,0.26327999999999996,0.27005999999999997,0.27971,0.28079,0.28937999999999997,0.27904,0.2749,0.27832,0.27915999999999996,0.30626,0.35495,0.4049,0.3749,0.3417,0.32489999999999997,0.27899999999999997
2022-02-21,0.26521,0.26753,0.26776999999999995,0.26578,0.26524,0.27796,0.28301,0.3533,0.36372,0.391,0.39291999999999994,0.3748,0.36756999999999995,0.33694999999999997,0.28672,0.2982,0.31555,0.34645,0.39299,0.39490000000000003,0.36256,0.33230000000000004,0.32989999999999997,0.32489999999999997
2022-02-22,0.32505,0.315,0.33875999999999995,0.36894,0.37139,0.35490999999999995,0.39402000000000004,0.411,0.38659,0.35775,0.31191,0.30606,0.30025999999999997,0.32199999999999995,0.31679999999999997,0.32499999999999996,0.31899999999999995,0.34199999999999997,0.39402000000000004,0.367,0.34199999999999997,0.32398,0.308,0.28855
2022-02-23,0.2943,0.29921,0.33499999999999996,0.33009999999999995,0.33009999999999995,0.344,0.35919999999999996,0.425,0.44064,0.40169999999999995,0.311,0.27851,0.2649,0.2649,0.2751,0.285,0.3378,0.38071999999999995,0.405,0.41186,0.33699999999999997,0.3399,0.36494,0.315
2022-02-24,0.3067,0.295,0.2865,0.285,0.2872,0.29055,0.34343,0.345,0.4131,0.417,0.3533,0.35309999999999997,0.35309999999999997,0.3606,0.361,0.3533,0.38,0.36478999999999995,0.40997,0.375,0.381,0.382,0.36597999999999997,0.32493
2022-02-25,0.3448,0.305,0.30137,0.29730999999999996,0.29785,0.3049,0.39069999999999994,0.4231,0.4476,0.46699999999999997,0.3933,0.3049,0.28619,0.28692,0.29571,0.2986,0.406,0.48489999999999994,0.58508,0.55,0.49489999999999995,0.4228,0.474,0.45749999999999996
2022-02-26,0.4754,0.4751,0.45,0.39403,0.4132,0.41217,0.42497999999999997,0.43845999999999996,0.45056999999999997,0.44237,0.42074999999999996,0.38802000000000003,0.37163999999999997,0.35397,0.35204,0.37246999999999997,0.40008,0.43489999999999995,0.474,0.47569999999999996,0.45291000000000003,0.4108,0.41715,0.38709
2022-02-27,0.37065000000000003,0.3557,0.34944,0.34731,0.3495,0.35209999999999997,0.36105,0.36654,0.36436999999999997,0.34243999999999997,0.31479999999999997,0.30640999999999996,0.29152999999999996,0.27226,0.28668,0.32653999999999994,0.35114999999999996,0.4049,0.45076,0.45686,0.45013,0.3776,0.3963,0.36978
2022-02-28,0.34304,0.33723,0.35868,0.34558999999999995,0.372,0.392,0.45997,0.49789999999999995,0.48389999999999994,0.423,0.3698,0.32769,0.31209,0.31764,0.31631,0.369,0.42879,0.45555999999999996,0.475,0.5209999999999999,0.39669999999999994,0.3871,0.386,0.3499
2022-03-01,0.349,0.356,0.3443,0.37497,0.3913,0.36199000000000003,0.44304,0.448,0.46599999999999997,0.42919999999999997,0.44894,0.39732999999999996,0.395,0.39649999999999996,0.41002,0.43624,0.4582,0.49087,0.53775,0.52911,0.49087,0.46099999999999997,0.44194,0.3984
2022-03-02,0.42604,0.42343,0.41706,0.40813999999999995,0.40862,0.425,0.4061,0.41708999999999996,0.47998999999999997,0.4731,0.39869999999999994,0.39590000000000003,0.3749,0.355,0.3954,0.39549999999999996,0.4001,0.41706,0.46511,0.479,0.4249,0.4061,0.44077999999999995,0.42427000000000004
2022-03-03,0.5061599999999999,0.49753,0.491,0.48201,0.4823,0.5072699999999999,0.5436000000000001,0.5800000000000001,0.575,0.5301499999999999,0.43998,0.44314,0.3741,0.39193,0.45899,0.49457999999999996,0.51153,0.57353,0.585,0.58005,0.565,0.5249999999999999,0.50888,0.49489999999999995
2022-03-04,0.52607,0.5216000000000001,0.5044,0.47905,0.49,0.52407,0.5736,0.585,0.5850500000000001,0.56016,0.5229999999999999,0.5229999999999999,0.45572,0.449,0.4748,0.50415,0.53077,0.55594,0.585,0.585,0.57508,0.5433999999999999,0.49101,0.5216000000000001
2022-03-05,0.51717,0.5349999999999999,0.5249999999999999,0.505,0.51385,0.5220400000000001,0.544,0.5531,0.54553,0.49733999999999995,0.3751,0.40801,0.39609,0.3765,0.43067,0.47636,0.5149900000000001,0.56063,0.58078,0.5843,0.575,0.5522499999999999,0.54463,0.5374
2022-03-06,0.56561,0.528,0.52016,0.5092099999999999,0.51444,0.5170899999999999,0.52502,0.49997,0.50069,0.38500999999999996,0.37373,0.39490000000000003,0.39236000000000004,0.387,0.40131,0.449,0.48308999999999996,0.56016,0.61008,0.62928,0.6113500000000001,0.58702,0.58702,0.5866499999999999
2022-03-07,0.5525599999999999,0.5448299999999999,0.54394,0.53421,0.53671,0.57223,0.64077,0.68736,0.69001,0.6579999999999999,0.5249999999999999,0.4649,0.43495,0.445,0.45799999999999996,0.52561,0.575,0.623,0.6149,0.6496299999999999,0.6499999999999999,0.59671,0.57506,0.5229999999999999
2022-03-08,0.5749,0.6245,0.6245,0.59988,0.5489999999999999,0.5749,0.62263,0.865,0.825,0.67153,0.41169,0.39449,0.37621,0.38773,0.4049,0.5115000000000001,0.61563,0.7780800000000001,0.8499299999999999,0.875,0.77474,0.6859,0.6670499999999999,0.575
2022-03-09,0.6047,0.5768,0.59188,0.59503,0.59503,0.615,0.69876,0.7544500000000001,0.72976,0.5556000000000001,0.52391,0.47013,0.40974,0.44489999999999996,0.49262,0.5574399999999999,0.60009,0.7044299999999999,0.74993,0.78,0.6930000000000001,0.62375,0.6240600000000001,0.58223
2022-03-10,0.48706,0.495,0.49659,0.48508999999999997,0.48507,0.51001,0.5896600000000001,0.6110599999999999,0.5719700000000001,0.48638,0.427,0.38785,0.3467,0.345,0.36644999999999994,0.425,0.48307,0.55495,0.5873999999999999,0.6280399999999999,0.48489999999999994,0.506,0.485,0.42830999999999997
2022-03-11,0.36695,0.36822,0.36719999999999997,0.36699000000000004,0.36273,0.375,0.3751,0.46745,0.4338,0.38178,0.37299,0.29198999999999997,0.17509999999999998,0.17504,0.18633,0.20359,0.33002,0.405,0.45949999999999996,0.5249999999999999,0.46835,0.40752,0.38092,0.37053
2022-03-12,0.355,0.34341999999999995,0.34075,0.34088999999999997,0.34346,0.3496,0.3671,0.3849,0.41281999999999996,0.4149,0.365,0.35578,0.35944,0.372,0.403,0.4199,0.3951,0.4623,0.4983,0.54145,0.5349999999999999,0.4205,0.39491,0.3751
2022-03-13,0.39990000000000003,0.35394,0.34131,0.33507,0.32177999999999995,0.30308,0.32193,0.33533,0.34289,0.34199999999999997,0.32276,0.2749,0.2399,0.28071999999999997,0.32265999999999995,0.3399,0.3991,0.4671,0.45,0.5656,0.5359,0.5,0.4776,0.45489999999999997
2022-03-14,0.39622,0.38880000000000003,0.4425,0.38733,0.39491,0.40506,0.45774,0.5097,0.505,0.45273,0.4102,0.41947999999999996,0.38946000000000003,0.389,0.38299,0.42785,0.41634,0.5215,0.56501,0.61042,0.54026,0.4977,0.47573,0.43686
2022-03-15,0.42391999999999996,0.42003,0.41679,0.41507,0.41769,0.43739999999999996,0.4728,0.48839999999999995,0.49994,0.42727,0.4158,0.47117,0.43573,0.42449000000000003,0.42646,0.41918999999999995,0.42643,0.4363,0.49169999999999997,0.58002,0.49,0.4195,0.4249,0.42569999999999997
2022-03-16,0.42841,0.4264,0.4225,0.41501,0.4135,0.42472,0.47196,0.49269999999999997,0.489,0.47093999999999997,0.4516,0.43545,0.415,0.40484,0.387,0.42517,0.435,0.46992,0.49412999999999996,0.475,0.455,0.4251,0.45189999999999997,0.40959999999999996
2022-03-17,0.35996,0.355,0.33907,0.33953999999999995,0.355,0.3751,0.3982,0.4251,0.49529,0.4131,0.42771,0.38205999999999996,0.35339,0.3749,0.395,0.416,0.3984,0.42497999999999997,0.46232,0.52221,0.47092,0.43429,0.41966,0.4122
2022-03-18,0.37803,0.38197,0.40554999999999997,0.38149999999999995,0.3849,0.39205999999999996,0.43797,0.46651,0.46281,0.41479,0.38459999999999994,0.36866999999999994,0.37242,0.37217999999999996,0.3751,0.37497,0.38203,0.42053999999999997,0.45031,0.46152,0.4249,0.39193999999999996,0.40349999999999997,0.36193
2022-03-19,0.36494,0.3649,0.36056999999999995,0.35966,0.36006,0.3658,0.37322999999999995,0.37914,0.36934,0.315,0.27137999999999995,0.18772999999999998,0.16698,0.15211,0.1712,0.175,0.21458,0.36543000000000003,0.43435,0.4708,0.39791,0.3749,0.3749,0.37916
2022-03-20,0.37129999999999996,0.34648999999999996,0.33265,0.32499999999999996,0.33147,0.33255999999999997,0.34531999999999996,0.33447,0.3151,0.2527,0.1749,0.16968999999999998,0.15819,0.15596,0.175,0.31566,0.36283,0.3873,0.42196999999999996,0.5228999999999999,0.47041,0.42869999999999997,0.3903,0.39
2022-03-21,0.36985,0.36934999999999996,0.355,0.36186,0.3717,0.36185,0.439,0.46299999999999997,0.44342,0.38529,0.3678,0.3495,0.33199,0.32499999999999996,0.32571,0.38621,0.4073,0.4332,0.48460000000000003,0.51198,0.43341,0.38844999999999996,0.3749,0.36819999999999997
2022-03-22,0.398,0.39,0.382,0.38136000000000003,0.378,0.39591999999999994,0.4487,0.46234,0.4561,0.40918,0.3749,0.35548,0.34818,0.35258,0.36846,0.37485999999999997,0.40501,0.39693999999999996,0.47602999999999995,0.526,0.46584,0.4249,0.4151,0.39024000000000003
2022-03-23,0.38631,0.37505,0.37561999999999995,0.37307999999999997,0.37909,0.40115,0.45044999999999996,0.47425,0.455,0.3707,0.3644,0.35573,0.33999999999999997,0.34665,0.35961,0.3772,0.39299,0.44105,0.48727999999999994,0.54914,0.48602999999999996,0.445,0.4175,0.37038
2022-03-24,0.37753,0.38669,0.38613,0.38680000000000003,0.38793,0.39832,0.45797000000000004,0.48007,0.38988999999999996,0.374,0.36991999999999997,0.36994,0.35497,0.355,0.36768,0.38192,0.40758,0.44199,0.48575999999999997,0.54611,0.4704,0.43186,0.41503999999999996,0.378
2022-03-25,0.43748,0.417,0.40929,0.40515,0.40101,0.42990999999999996,0.49,0.50886,0.415,0.3951,0.3849,0.36103999999999997,0.3474,0.34475,0.35357,0.37426,0.42607,0.45127999999999996,0.47576999999999997,0.5148999999999999,0.44489999999999996,0.4059,0.40863,0.4065
2022-03-26,0.41568,0.40188,0.37236,0.433,0.3944,0.39117999999999997,0.38249999999999995,0.38699,0.4049,0.30845,0.28504999999999997,0.1812,0.17501,0.17212999999999998,0.19072999999999998,0.30482,0.37403,0.40742,0.4375,0.46724,0.44504,0.41998,0.41994,0.41274999999999995
2022-03-27,0.41,0.39693,0.39298,0.38902000000000003,0.387,0.38609,0.38531,0.38903,0.38908,0.38906999999999997,0.38002,0.36737,0.31757,0.2649,0.25297,0.26505999999999996,0.31659,0.36983,0.395,0.425,0.45075,0.4351,0.41830999999999996,0.394
2022-03-28,0.36724999999999997,0.37009000000000003,0.36673,0.37009000000000003,0.37000999999999995,0.38209,0.44994999999999996,0.475,0.425,0.37249,0.37126,0.395,0.36869999999999997,0.36304,0.3621,0.36186,0.36373,0.36584,0.43531,0.47962,0.42361000000000004,0.394,0.37482,0.37285
2022-03-29,0.38852,0.38663,0.38293999999999995,0.385,0.38404,0.40027,0.3829,0.43,0.46999,0.4749,0.43289,0.45094,0.3852,0.38076,0.38983999999999996,0.37595999999999996,0.3951,0.42152999999999996,0.443,0.44995999999999997,0.43695999999999996,0.424,0.38631,0.3666
2022-03-30,0.38983999999999996,0.38488999999999995,0.4,0.40408,0.40732999999999997,0.417,0.45799999999999996,0.4808,0.5019,0.46466,0.40700000000000003,0.39691999999999994,0.40149999999999997,0.3867,0.38464,0.39491,0.41395,0.44481,0.46969999999999995,0.48497,0.425,0.40930999999999995,0.42496999999999996,0.4054
2022-03-31,0.37566,0.37929,0.3751,0.377,0.4249,0.4049,0.42482,0.469,0.49956,0.475,0.44865,0.48973,0.47728,0.475,0.469,0.454,0.42998,0.42124,0.46976999999999997,0.45,0.4151,0.41159999999999997,0.411,0.36999
2022-04-01,0.34826,0.32730000000000004,0.3349,0.32599999999999996,0.32499999999999996,0.345,0.35641,0.38165,0.46064,0.4249,0.379,0.35614,0.34694,0.33491,0.32209999999999994,0.31582,0.32499999999999996,0.3588,0.37937,0.421,0.4749,0.441,0.46499999999999997,0.47498
2022-04-02,0.40259999999999996,0.40259999999999996,0.42605,0.4525,0.40259999999999996,0.4566,0.48064999999999997,0.49395,0.44835,0.37985,0.34477,0.34194,0.32276,0.28051,0.26595,0.29098999999999997,0.32489999999999997,0.34626999999999997,0.40259999999999996,0.45198,0.44466,0.45814,0.5451,0.425
2022-04-03,0.41989,0.40800000000000003,0.39969999999999994,0.39932,0.441,0.4511,0.45489999999999997,0.47169999999999995,0.40175,0.455,0.37729,0.37646999999999997,0.37046,0.36068999999999996,0.36024999999999996,0.34636999999999996,0.35995,0.44168,0.419,0.5059,0.5329999999999999,0.45489999999999997,0.39969999999999994,0.3704
2022-04-04,0.365,0.33272,0.2959,0.2905,0.2748,0.28969999999999996,0.33914,0.375,0.4296,0.474,0.45699999999999996,0.4301,0.4213,0.3921,0.38,0.35509999999999997,0.4249,0.4478,0.4488,0.4249,0.43489999999999995,0.43489999999999995,0.4255,0.3526
2022-04-05,0.37987,0.3706,0.3549,0.35439,0.382,0.39749999999999996,0.4149,0.45699999999999996,0.475,0.47685,0.4878,0.445,0.4465,0.4038,0.36378,0.38447,0.4058,0.4371,0.45936,0.48492999999999997,0.43656,0.41895,0.38828999999999997,0.315
2022-04-06,0.3749,0.34141,0.33746,0.32989999999999997,0.315,0.32489999999999997,0.35155000000000003,0.38239999999999996,0.37441,0.35749,0.355,0.355,0.34231,0.3399,0.3523,0.35348,0.35372,0.39721,0.39490000000000003,0.4151,0.42507,0.39891999999999994,0.38139,0.30372
2022-04-07,0.3771,0.34063,0.33903,0.33509999999999995,0.32492,0.33569,0.35011000000000003,0.419,0.44335,0.449,0.4269,0.39469999999999994,0.34972,0.32499999999999996,0.24514999999999998,0.2649,0.32489999999999997,0.36534,0.4201,0.44489999999999996,0.475,0.4538,0.437,0.372
2022-04-08,0.34943,0.33744999999999997,0.33625,0.34782,0.34865,0.397,0.4249,0.4572,0.4749,0.483,0.4249,0.397,0.397,0.405,0.4049,0.40759999999999996,0.36111000000000004,0.37731,0.4049,0.44277,0.43404000000000004,0.42952999999999997,0.42162999999999995,0.42435
2022-04-09,0.3931,0.36926,0.37282,0.3931,0.3816,0.38759999999999994,0.39399,0.41437999999999997,0.45854,0.35946999999999996,0.32131,0.22399999999999998,0.175,0.17472,0.17251,0.1749,0.301,0.34536,0.4204,0.4214,0.45999999999999996,0.5048999999999999,0.4532,0.46893999999999997
2022-04-10,0.4749,0.415,0.43901999999999997,0.4249,0.405,0.403,0.399,0.39580000000000004,0.39269999999999994,0.35868999999999995,0.32392,0.21989999999999998,0.18031,0.17509999999999998,0.17509,0.23324999999999999,0.30478,0.39380000000000004,0.44501999999999997,0.4441,0.47204,0.44389999999999996,0.423,0.3993
2022-04-11,0.45119,0.4218,0.4081,0.385,0.37055,0.39556,0.43991,0.47493,0.46002999999999994,0.43,0.38992,0.36571,0.36285,0.35684,0.35497999999999996,0.35477000000000003,0.35786,0.39438999999999996,0.43832,0.47199,0.46537,0.44281,0.42299,0.37939999999999996
2022-04-12,0.3679,0.36371,0.36028,0.358,0.36055000000000004,0.36653,0.40454,0.44377999999999995,0.43533,0.39402000000000004,0.35751,0.34731999999999996,0.31111999999999995,0.28502,0.27501,0.29313999999999996,0.31489999999999996,0.39580000000000004,0.4249,0.45232999999999995,0.48418,0.47069999999999995,0.435,0.425
2022-04-13,0.44,0.40866,0.406,0.3923,0.36873,0.38732,0.42374,0.437,0.44882999999999995,0.42924999999999996,0.4174,0.40322,0.3951,0.373,0.37628,0.371,0.37546999999999997,0.41625,0.4412,0.47395,0.47663,0.44403,0.425,0.40693999999999997
2022-04-14,0.40745,0.38263,0.37514,0.37305,0.37497,0.37946,0.429,0.44732999999999995,0.45711,0.42778,0.39135,0.38754,0.37693,0.37019,0.36863999999999997,0.36699000000000004,0.36953,0.38780000000000003,0.41994,0.44606999999999997,0.44731,0.44045999999999996,0.42868,0.40561
2022-04-15,0.3899,0.392,0.38334999999999997,0.38319,0.36856,0.37185999999999997,0.38033,0.39769999999999994,0.41540999999999995,0.43221,0.37232,0.36412,0.36219999999999997,0.34265,0.33238,0.32611,0.33000999999999997,0.35431999999999997,0.37121,0.40335,0.41098999999999997,0.44105,0.423,0.40171
2022-04-16,0.36616,0.35836999999999997,0.35339,0.34921,0.3587,0.356,0.36397999999999997,0.36612,0.3646,0.34762,0.32158,0.29699,0.24425999999999998,0.20004999999999998,0.20184,0.21531999999999998,0.24084,0.28271,0.34619,0.37007999999999996,0.38081,0.36946999999999997,0.35084,0.34187999999999996
2022-04-17,0.33521999999999996,0.31496999999999997,0.31706999999999996,0.29838,0.30896,0.31496,0.3211,0.31901,0.30855,0.275,0.25092,0.20465,0.17764,0.15947,0.175,0.17507999999999999,0.19,0.2412,0.33302,0.35755000000000003,0.36654,0.3695,0.34646,0.33307
2022-04-18,0.2709,0.256,0.259,0.256,0.26025,0.26731,0.30221,0.31959,0.31496999999999997,0.32211,0.26927999999999996,0.25372,0.23889,0.23496,0.21999999999999997,0.23557999999999998,0.25792,0.29625,0.36484,0.4153,0.42573,0.425,0.39622999999999997,0.377
2022-04-19,0.38,0.36798,0.36613999999999997,0.36595,0.365,0.37561,0.42627,0.46643,0.47043,0.43071,0.3978,0.37704,0.3516,0.35280999999999996,0.3349,0.33365999999999996,0.33388999999999996,0.36543000000000003,0.39993,0.41403,0.41501,0.39859999999999995,0.375,0.35919999999999996
2022-04-20,0.366,0.36455000000000004,0.3581,0.35828,0.35838,0.37295999999999996,0.40224,0.42491999999999996,0.4249,0.38495999999999997,0.3685,0.36071,0.3325,0.33175,0.32283,0.34382,0.35079,0.37115,0.39794999999999997,0.424,0.425,0.41418,0.3951,0.37697
2022-04-21,0.36355000000000004,0.35492,0.35608,0.35392,0.3555,0.37492,0.40476,0.43101999999999996,0.43124999999999997,0.40725999999999996,0.38293,0.3649,0.35123,0.3423,0.33248,0.33896,0.34701,0.36034,0.37995999999999996,0.39561999999999997,0.39861,0.39544,0.37471,0.3684
2022-04-22,0.381,0.36218,0.36200999999999994,0.35441,0.35109,0.36458,0.39307,0.41495,0.4191,0.39605,0.37156,0.33241,0.3246,0.27699999999999997,0.275,0.26177,0.29396999999999995,0.34199999999999997,0.3599,0.38461,0.38497,0.38466,0.367,0.35255000000000003
2022-04-23,0.3702,0.3605,0.35363,0.3369,0.3049,0.29757,0.31577,0.32900999999999997,0.33784000000000003,0.255,0.1714,-0.009940000000000004,-0.04736000000000001,-0.042419999999999985,-0.03990000000000002,0.008179999999999993,0.1049,0.2249,0.315,0.34319,0.3475,0.36456999999999995,0.35290999999999995,0.34678
2022-04-24,0.32189999999999996,0.2975,0.27882999999999997,0.26869,0.26461999999999997,0.26865,0.26861,0.28506,0.26302,0.18392999999999998,0.17149999999999999,0.155,0.08315999999999998,0.057789999999999994,0.11059999999999999,0.1714,0.2249,0.28673,0.34001,0.37365,0.39994999999999997,0.39336000000000004,0.38073,0.36199000000000003
2022-04-25,0.35996,0.35878,0.36063,0.3611,0.36312,0.37506,0.41223,0.43687,0.44747000000000003,0.42406,0.40759,0.40297,0.386,0.375,0.3699,0.36699000000000004,0.3645,0.375,0.40049999999999997,0.44888,0.45070999999999994,0.43993,0.429,0.3931
2022-04-26,0.3694,0.36228,0.36743000000000003,0.36806,0.37159,0.40795,0.39490000000000003,0.44249,0.44498,0.4249,0.39612,0.38014,0.36929999999999996,0.37625,0.37751,0.3732,0.3721,0.39059999999999995,0.4149,0.456,0.46176,0.44500999999999996,0.43,0.39418
2022-04-27,0.38171999999999995,0.37300999999999995,0.37136,0.36953,0.37251,0.38493999999999995,0.4153,0.38280000000000003,0.44098,0.42774,0.39346000000000003,0.38732,0.38266,0.37561999999999995,0.36822,0.36596,0.36634999999999995,0.38149,0.41430999999999996,0.44289999999999996,0.44133,0.42994,0.41033,0.37756999999999996
2022-04-28,0.38963,0.37694,0.373,0.37637,0.3765,0.39335,0.43,0.45837,0.45429,0.42626,0.39993,0.38771999999999995,0.383,0.37509,0.37205,0.37129999999999996,0.37212999999999996,0.39263,0.43,0.45408999999999994,0.45991000000000004,0.44391,0.42856,0.39778
2022-04-29,0.38105,0.37815,0.37751999999999997,0.37822999999999996,0.38009,0.38886,0.43077,0.45505999999999996,0.46622,0.43133999999999995,0.40532999999999997,0.39239999999999997,0.38337,0.37224999999999997,0.37024,0.37004,0.381,0.3913,0.42197999999999997,0.43707999999999997,0.44087,0.42996999999999996,0.41656,0.39044
2022-04-30,0.37978,0.3641,0.36490999999999996,0.36246999999999996,0.36496,0.36980999999999997,0.376,0.38159,0.38500999999999996,0.38085,0.37095,0.36158,0.35504,0.34794,0.34135,0.33469,0.33887999999999996,0.36702,0.40109,0.42196999999999996,0.42763999999999996,0.42211,0.41408999999999996,0.394
2022-05-01,0.381,0.3747,0.37256,0.36719999999999997,0.37243,0.37632,0.37,0.36995,0.36194,0.35703999999999997,0.35231,0.3515,0.34992,0.32574000000000003,0.3154,0.31389999999999996,0.33089999999999997,0.36204,0.39085,0.42443,0.42994,0.41803,0.41472,0.39097
2022-05-02,0.38146,0.37487,0.36968999999999996,0.36876,0.37134,0.38495999999999997,0.42388,0.445,0.43956999999999996,0.41398,0.36927,0.36497,0.3616,0.36544999999999994,0.36265000000000003,0.36005,0.36319999999999997,0.39371999999999996,0.40418,0.42,0.44041,0.42852,0.41611,0.39491999999999994
2022-05-03,0.3595,0.35709,0.35908,0.36012,0.36204,0.36619,0.41125999999999996,0.43096,0.43096,0.40769999999999995,0.38107,0.37524,0.37078999999999995,0.37229,0.36988999999999994,0.37054,0.37299,0.39399,0.42496,0.44494,0.44523,0.43677,0.42821,0.40393999999999997
2022-05-04,0.381,0.375,0.37534,0.37612,0.37614,0.39932,0.43157999999999996,0.4719,0.4551,0.43009,0.39541,0.3669,0.36438,0.36315,0.36405,0.37515,0.38124,0.40049,0.42497999999999997,0.45044,0.45649,0.43837,0.4219,0.40747
2022-05-05,0.4002,0.38344,0.38312,0.38009,0.3799,0.39577,0.42996,0.45006,0.44301999999999997,0.42796,0.41003,0.40708999999999995,0.39898,0.39003999999999994,0.3859,0.3749,0.38166999999999995,0.404,0.41816,0.438,0.45161,0.43495999999999996,0.42684,0.41352
2022-05-06,0.39569,0.38874,0.38256,0.37902,0.38156999999999996,0.39407,0.43090999999999996,0.44992,0.43797,0.4118,0.395,0.38312999999999997,0.38239999999999996,0.36680999999999997,0.36500999999999995,0.36200999999999994,0.36769999999999997,0.38659,0.41408999999999996,0.43179,0.43768999999999997,0.43090999999999996,0.42278,0.41046
2022-05-07,0.40012000000000003,0.39193999999999996,0.38236000000000003,0.37500999999999995,0.3745,0.3751,0.37678,0.39127999999999996,0.39203999999999994,0.38356999999999997,0.36917,0.36566999999999994,0.36155000000000004,0.34936999999999996,0.3417,0.33416999999999997,0.34321999999999997,0.3603,0.37661999999999995,0.39774,0.40657,0.404,0.39812000000000003,0.38337999999999994
2022-05-08,0.3831,0.36829999999999996,0.36691999999999997,0.36100999999999994,0.35797999999999996,0.36106,0.35997,0.36093,0.35862,0.33845,0.31533,0.29817,0.27949999999999997,0.23581999999999997,0.22605999999999998,0.26826,0.28859999999999997,0.3308,0.37104,0.40959999999999996,0.41398999999999997,0.41335,0.40091,0.3929
2022-05-09,0.38408,0.37421,0.37107,0.36611,0.36868,0.38571999999999995,0.415,0.43123,0.42504,0.39421,0.37495,0.36711,0.35,0.34695,0.3449,0.35894,0.36563,0.39593,0.42296999999999996,0.455,0.455,0.42544,0.41208,0.36441999999999997
2022-05-10,0.39141,0.38061,0.35972,0.34497999999999995,0.34097,0.35182,0.39908,0.41295,0.4062,0.37881,0.34375999999999995,0.31762,0.22499,0.17506999999999998,0.19069999999999998,0.2152,0.2449,0.35619,0.38478,0.40991999999999995,0.41495,0.41196,0.40409,0.3699
2022-05-11,0.38215,0.3678,0.3605,0.354,0.35446,0.36072,0.39137,0.40822,0.399,0.375,0.315,0.26704,0.22499999999999998,0.20023,0.17873999999999998,0.20626,0.2468,0.29259999999999997,0.35918,0.3943,0.39693,0.395,0.38100999999999996,0.36793
2022-05-12,0.32489999999999997,0.32001,0.31501,0.33758,0.35734,0.34741999999999995,0.38693999999999995,0.40556000000000003,0.39846000000000004,0.35709,0.31374,0.29632,0.27073,0.25508,0.253,0.2578,0.30601,0.35651,0.375,0.40747,0.41677,0.40817,0.39932,0.37534
2022-05-13,0.385,0.37771,0.364,0.34974,0.35126,0.3782,0.40193,0.41774,0.41729,0.4001,0.3449,0.27451,0.26481,0.21159,0.17512,0.17196,0.20185999999999998,0.249,0.35886,0.39525999999999994,0.40608999999999995,0.404,0.39269999999999994,0.36517
2022-05-14,0.36669999999999997,0.3694,0.37022,0.42491,0.3694,0.3749,0.35907,0.36929999999999996,0.35994,0.33499999999999996,0.29494,0.25123999999999996,0.23501,0.16859,0.17723999999999998,0.22404999999999997,0.24789,0.33702,0.38138,0.4,0.41503999999999996,0.41686999999999996,0.414,0.39915
2022-05-15,0.38991,0.37134999999999996,0.36043000000000003,0.34914999999999996,0.34517,0.34525,0.33792,0.33357,0.32997999999999994,0.28559999999999997,0.27098,0.265,0.25,0.22035,0.19515,0.21458,0.25121,0.30833,0.37392,0.40013999999999994,0.4049,0.40118,0.39457,0.3755
2022-05-16,0.35518,0.34406000000000003,0.34413,0.34489,0.34453,0.35703999999999997,0.40495,0.42308,0.42608999999999997,0.40608,0.38561999999999996,0.37468,0.36034,0.3567,0.36039,0.36125999999999997,0.34796,0.37154,0.42074,0.43699,0.44933999999999996,0.43489999999999995,0.4152,0.36878
2022-05-17,0.37839,0.37094,0.3641,0.36005,0.36419999999999997,0.37724,0.41169999999999995,0.43988999999999995,0.44917,0.41796999999999995,0.40698999999999996,0.375,0.37861999999999996,0.36778999999999995,0.33499999999999996,0.34294,0.36768999999999996,0.4118,0.42682,0.46499999999999997,0.47320999999999996,0.44088,0.42046,0.367
2022-05-18,0.38147,0.36288999999999993,0.35123,0.34597999999999995,0.3497,0.35461,0.39494999999999997,0.4226,0.41629,0.38156999999999996,0.35417,0.3466,0.34965999999999997,0.35202999999999995,0.33394,0.35019,0.3681,0.39183999999999997,0.4162,0.46199,0.455,0.42088,0.40073,0.36946999999999997
2022-05-19,0.37195999999999996,0.36000999999999994,0.35494,0.35126999999999997,0.35297999999999996,0.36006,0.39732999999999996,0.42504,0.42430999999999996,0.40493,0.37322,0.35899000000000003,0.35796,0.3558,0.35119999999999996,0.36009,0.37395999999999996,0.39902,0.40798999999999996,0.44427,0.44839999999999997,0.428,0.40937999999999997,0.38831
2022-05-20,0.3861,0.37098,0.36456,0.363,0.36456,0.38361999999999996,0.41103999999999996,0.43832,0.425,0.399,0.37997,0.3766,0.37239999999999995,0.36507,0.36033000000000004,0.36426,0.365,0.45544999999999997,0.43927999999999995,0.4068,0.40684,0.39303,0.38027,0.34104999999999996
2022-05-21,0.38307,0.3003,0.27129,0.26966,0.26676,0.27749999999999997,0.3504,0.3526,0.34638,0.31599999999999995,0.312,0.26495,0.2289,0.20939,0.20734,0.20756999999999998,0.297,0.35048999999999997,0.361,0.376,0.39432,0.40310999999999997,0.39885,0.38917999999999997
2022-05-22,0.36158,0.3544,0.3475,0.345,0.346,0.34491,0.34196,0.34187999999999996,0.33499999999999996,0.32496,0.31328999999999996,0.31325000000000003,0.30867,0.28492,0.2764,0.2787,0.30818999999999996,0.33162,0.37029,0.38837,0.40054999999999996,0.40290000000000004,0.39491,0.36624
2022-05-23,0.35089,0.33957,0.33375,0.33007,0.33319999999999994,0.34753999999999996,0.3777,0.39996,0.40502,0.39597,0.39219,0.37768,0.36388,0.36816,0.36585999999999996,0.376,0.39849999999999997,0.40800000000000003,0.38903,0.38993999999999995,0.38507,0.365,0.35929,0.35969999999999996
2022-05-24,0.405,0.3516,0.3327,0.313,0.30783,0.33094999999999997,0.36390999999999996,0.38529,0.38226,0.368,0.35135,0.33836,0.3255,0.31256,0.2995,0.32499,0.33319,0.34024,0.37338,0.38798,0.39499,0.3953,0.38691,0.36463999999999996
2022-05-25,0.36573,0.35506,0.34551,0.34292,0.3449,0.35314,0.38611,0.405,0.39613999999999994,0.3567,0.3236,0.296,0.32303,0.29108,0.21722999999999998,0.275,0.295,0.31331,0.34131999999999996,0.34685,0.38064,0.38511,0.3568,0.32586000000000004
2022-05-26,0.31699999999999995,0.31892,0.32334999999999997,0.33130000000000004,0.33786,0.33899999999999997,0.32499999999999996,0.33947,0.2899,0.2349,0.17695999999999998,0.17506999999999998,0.17129999999999998,0.15491,0.1706,0.1716,0.17501,0.18428999999999998,0.285,0.305,0.32464,0.32694,0.31047,0.28581999999999996
2022-05-27,0.3348,0.2728,0.285,0.32323999999999997,0.33349,0.3349,0.30833,0.31359,0.25144,0.21931,0.17801,0.175,0.09243,0.07490999999999999,0.11267999999999999,0.16751,0.17509999999999998,0.29259999999999997,0.315,0.3548,0.40549999999999997,0.41198,0.44585,0.3548
2022-05-28,0.42361000000000004,0.3387,0.302,0.2719,0.2751,0.3316,0.2679,0.247,0.26498,0.15605999999999998,0.15499,0.12061999999999998,0.09699999999999999,0.09059999999999999,0.10663999999999998,0.10716999999999999,0.1329,0.16649999999999998,0.2739,0.30721,0.3316,0.33937,0.35148999999999997,0.3444
2022-05-29,0.39490000000000003,0.3817,0.37,0.34758,0.31504,0.31632,0.315,0.31337,0.31515,0.31508,0.315,0.32006,0.31599999999999995,0.30849,0.29878,0.29659,0.295,0.32499999999999996,0.35456,0.37638,0.38993999999999995,0.39997,0.4,0.38996
2022-05-30,0.3789,0.36972,0.36765000000000003,0.3595,0.35792,0.37073999999999996,0.40568,0.43295,0.43527,0.40791999999999995,0.405,0.40476999999999996,0.39,0.38249999999999995,0.37628,0.37729,0.3859,0.40069999999999995,0.41636,0.46614,0.47,0.44145999999999996,0.41868,0.40249999999999997
2022-05-31,0.37590999999999997,0.358,0.35462,0.35202,0.35501,0.37099,0.40368,0.42277,0.41813999999999996,0.40090000000000003,0.371,0.36069999999999997,0.3668,0.35907,0.34707,0.35708,0.35738,0.375,0.40997,0.40700000000000003,0.41669999999999996,0.42250999999999994,0.41501,0.40298
2022-06-01,0.395,0.38244999999999996,0.37409000000000003,0.35753,0.35728,0.37395,0.405,0.42468,0.42136,0.40381999999999996,0.38680000000000003,0.3816,0.36438,0.35947999999999997,0.35986,0.35504,0.3566,0.37471,0.40491999999999995,0.42697999999999997,0.43271,0.4376,0.425,0.40532999999999997
2022-06-02,0.366,0.35004,0.34433,0.33696000000000004,0.34004999999999996,0.3467,0.38465,0.3981,0.39313,0.36376,0.34514,0.33531999999999995,0.3319,0.32042,0.31899999999999995,0.32287999999999994,0.33313,0.34550000000000003,0.39025,0.40564999999999996,0.41396999999999995,0.40393999999999997,0.375,0.3456
2022-06-03,0.35261,0.33813,0.33241,0.33462000000000003,0.3367,0.34494,0.38483,0.40010999999999997,0.365,0.3444,0.32306999999999997,0.291,0.31635,0.30548,0.31492,0.3191,0.2959,0.34435,0.34101,0.35753,0.39683,0.37798,0.36998,0.32946
2022-06-04,0.35080999999999996,0.34297,0.34192,0.33205,0.3305,0.33100999999999997,0.3348,0.34486,0.355,0.3535,0.33660999999999996,0.29744,0.2799,0.18827,0.175,0.20854,0.3,0.3326,0.3475,0.37,0.38424,0.37398,0.37406,0.34099999999999997
2022-06-05,0.33519999999999994,0.31689999999999996,0.30906999999999996,0.30745999999999996,0.28912,0.30252999999999997,0.30227,0.30865,0.31128,0.31765,0.31636,0.31862,0.32609999999999995,0.33499999999999996,0.3368,0.29695,0.30703,0.32502,0.33803,0.3438,0.34443999999999997,0.34136,0.34421999999999997,0.34419999999999995
2022-06-06,0.3841,0.33899999999999997,0.33099999999999996,0.2649,0.26005,0.26308,0.26505999999999996,0.26922,0.25905,0.175,0.17149999999999999,0.17129999999999998,0.155,0.15497999999999998,0.17440999999999998,0.17314,0.17581,0.25706,0.34455,0.375,0.38997,0.38903999999999994,0.39242,0.36469999999999997
2022-06-07,0.33097999999999994,0.32628999999999997,0.32561,0.32072,0.32187999999999994,0.32853,0.3507,0.39193,0.39512,0.38599,0.366,0.34831999999999996,0.3437,0.3437,0.34052,0.33887,0.33907,0.34809999999999997,0.375,0.39303999999999994,0.40246,0.40381,0.39525999999999994,0.38597
2022-06-08,0.36005,0.34395,0.34009999999999996,0.33796000000000004,0.33992,0.35,0.37242,0.38893,0.39000999999999997,0.38029,0.366,0.35177,0.35502999999999996,0.34634,0.33303,0.32899999999999996,0.33430000000000004,0.33811,0.35075999999999996,0.35019999999999996,0.38736000000000004,0.38698,0.386,0.3318
2022-06-09,0.36400999999999994,0.34563,0.33999999999999997,0.33794,0.3347,0.33501,0.376,0.38903,0.35492999999999997,0.33499999999999996,0.3539,0.33509999999999995,0.31931,0.31799,0.32094,0.309,0.31276,0.33865999999999996,0.35094,0.36556999999999995,0.375,0.38524,0.38409,0.36707
2022-06-10,0.37158,0.345,0.33891,0.33713,0.33884000000000003,0.35414,0.38291,0.38876,0.38783999999999996,0.36896,0.34904999999999997,0.33916999999999997,0.33277,0.32489999999999997,0.31774,0.32311999999999996,0.33281,0.355,0.3509,0.39191999999999994,0.39546000000000003,0.3919,0.39047999999999994,0.38007
2022-06-11,0.37543,0.36165,0.34839,0.34068,0.33322999999999997,0.33014,0.33429,0.305,0.30315000000000003,0.24951,0.19624,0.18289999999999998,0.19868,0.15968,0.1421,0.141,0.17304999999999998,0.18502,0.3195,0.37139,0.38433,0.38605999999999996,0.38292,0.374
2022-06-12,0.37,0.33911,0.32886000000000004,0.32294,0.31998,0.31316,0.30278,0.28389,0.266,0.25583,0.24936999999999998,0.2049,0.175,0.10588999999999998,0.175,0.15256999999999998,0.20654999999999998,0.26033,0.33544999999999997,0.36031,0.38098,0.38598,0.385,0.35927
2022-06-13,0.34329,0.33734,0.32948,0.32492,0.32192,0.3318,0.37503,0.38615999999999995,0.3839,0.33586,0.32028999999999996,0.31899999999999995,0.3146,0.28106,0.26259,0.2849,0.3065,0.32628,0.3449,0.39083999999999997,0.40427,0.40051,0.39851,0.3669
2022-06-14,0.3413,0.33837,0.33852,0.33296000000000003,0.33882,0.34604,0.39022,0.40288,0.37388999999999994,0.35402999999999996,0.33643,0.33362,0.34099999999999997,0.33859,0.33183,0.33895,0.3448,0.37287000000000003,0.40597,0.39338999999999996,0.40002,0.40942,0.4099,0.38299
2022-06-15,0.37295999999999996,0.3585,0.35267,0.34802,0.34818,0.35723,0.39259999999999995,0.42194999999999994,0.4258,0.37536,0.34797999999999996,0.34157,0.32983,0.32341,0.31621,0.34058,0.33357,0.39071,0.42669999999999997,0.46099999999999997,0.48223,0.41825999999999997,0.4149,0.39615
2022-06-16,0.4023,0.38874,0.38566,0.38756999999999997,0.38146,0.38098,0.40345,0.43195,0.42956,0.40222,0.36826,0.35168,0.33424,0.34485,0.33021,0.285,0.35999000000000003,0.4049,0.44467,0.4362,0.47,0.44547000000000003,0.4461,0.39103999999999994
2022-06-17,0.47398,0.4411,0.41762,0.38639999999999997,0.38186,0.41491,0.46734,0.49831,0.5006999999999999,0.47407,0.4401,0.39621,0.36869999999999997,0.3704,0.35,0.35643,0.39472999999999997,0.43489999999999995,0.48077,0.49210000000000004,0.5303899999999999,0.49405,0.46966,0.43479
2022-06-18,0.42613999999999996,0.38198,0.39017,0.42168,0.44887,0.37827,0.38029999999999997,0.36515,0.35578,0.3749,0.32497,0.31726,0.28152,0.25228,0.22824999999999998,0.2767,0.3244,0.34577,0.43961,0.50301,0.5054700000000001,0.49421,0.46008,0.42671
2022-06-19,0.38207,0.365,0.34052,0.31479999999999997,0.2956,0.28886,0.28755,0.29408999999999996,0.28173,0.26927999999999996,0.26915,0.275,0.30498,0.25683,0.24613,0.26239,0.26837999999999995,0.33235,0.39809,0.43577,0.45264,0.46929,0.48192999999999997,0.4561
2022-06-20,0.41522,0.39538999999999996,0.39390000000000003,0.3951,0.3882,0.43827,0.47667,0.53235,0.4249,0.46299999999999997,0.4061,0.46597,0.40969999999999995,0.34502,0.32276,0.30623999999999996,0.31728,0.3732,0.385,0.45582,0.48988,0.49157999999999996,0.46454,0.43550999999999995
2022-06-21,0.43991,0.41916,0.40876,0.39799,0.39291999999999994,0.40413,0.47261000000000003,0.5139,0.50208,0.426,0.38373999999999997,0.355,0.3399,0.32489999999999997,0.32241,0.34695,0.40016999999999997,0.4402,0.5348999999999999,0.62512,0.6330199999999999,0.58523,0.5481499999999999,0.49995999999999996
2022-06-22,0.42727,0.43499,0.44012999999999997,0.4235,0.43002,0.4205,0.46570999999999996,0.41569999999999996,0.5251,0.44156,0.4008,0.40559999999999996,0.3575,0.33199999999999996,0.3335,0.34486,0.392,0.41869999999999996,0.4351,0.49169999999999997,0.575,0.5743,0.53781,0.422
2022-06-23,0.45413,0.4221,0.42016,0.42081999999999997,0.43008,0.45468,0.5111,0.5225899999999999,0.48606,0.46302,0.41642,0.3749,0.37361999999999995,0.3758,0.403,0.42369999999999997,0.41728,0.49566,0.53684,0.60389,0.58899,0.5317099999999999,0.48810000000000003,0.40778000000000003
2022-06-24,0.40847999999999995,0.4089,0.432,0.40062,0.40312000000000003,0.41506,0.4779,0.5102099999999999,0.52074,0.50498,0.48262,0.46525,0.45802,0.44988999999999996,0.42585,0.41938,0.42103,0.47141,0.497,0.5049399999999999,0.5102,0.5059199999999999,0.495,0.43947
2022-06-25,0.43527,0.41178,0.38991,0.39208,0.37866,0.38405999999999996,0.40173,0.43609,0.44403,0.40791,0.38986,0.38488,0.38119,0.38693999999999995,0.37768999999999997,0.38411,0.40345,0.44406999999999996,0.44656999999999997,0.48910000000000003,0.50217,0.49768,0.49901999999999996,0.46993999999999997
2022-06-26,0.46391,0.43633,0.40138999999999997,0.38249999999999995,0.37132,0.35524999999999995,0.34944,0.35596,0.35205,0.33177999999999996,0.32424,0.32474000000000003,0.3298,0.3082,0.30269,0.30496999999999996,0.36247999999999997,0.39331,0.4641,0.49950999999999995,0.50858,0.50981,0.51094,0.49087
2022-06-27,0.47063,0.43894999999999995,0.43355,0.43133,0.42968999999999996,0.44395999999999997,0.5058199999999999,0.53294,0.54607,0.52338,0.50754,0.46849999999999997,0.443,0.4249,0.415,0.423,0.38517999999999997,0.495,0.4245,0.45388999999999996,0.55837,0.55064,0.5471699999999999,0.52281
2022-06-28,0.44242,0.44856,0.42990999999999996,0.43130999999999997,0.44137,0.45741000000000004,0.5001,0.55071,0.47492,0.505,0.47205,0.42613999999999996,0.40459999999999996,0.33799999999999997,0.37449,0.39763,0.44225,0.52629,0.52454,0.6458999999999999,0.6281399999999999,0.58592,0.57138,0.47
2022-06-29,0.42527,0.43627,0.42147,0.413,0.41471,0.416,0.48768,0.5258499999999999,0.48602999999999996,0.47201,0.4258,0.42282,0.4501,0.415,0.41013,0.40559999999999996,0.41793,0.49106,0.5317099999999999,0.5659,0.565,0.5419,0.52685,0.43368
2022-06-30,0.45261,0.44758,0.44024,0.453,0.43962,0.44577999999999995,0.51477,0.54489,0.55463,0.5133,0.435,0.4348,0.4331,0.45176999999999995,0.45901,0.4751,0.49909,0.5474399999999999,0.5844100000000001,0.6539999999999999,0.625,0.56921,0.5271600000000001,0.43607999999999997
2022-07-01,0.44371,0.44264,0.44518,0.44107999999999997,0.44033,0.45713,0.5301899999999999,0.55385,0.56019,0.5529999999999999,0.5127999999999999,0.514,0.47735,0.44589999999999996,0.4371,0.41372,0.39569,0.4175,0.45713,0.49474,0.53449,0.47983,0.56,0.54886
2022-07-02,0.46072,0.43,0.4122,0.40571,0.39731,0.3892,0.40884,0.41956,0.3836,0.34562,0.31489999999999996,0.28756,0.27105,0.28463,0.293,0.3063,0.33037,0.4153,0.46002999999999994,0.5249999999999999,0.5378499999999999,0.53496,0.52844,0.47717
2022-07-03,0.44508,0.41615,0.37407999999999997,0.3706,0.3606,0.35771,0.35170999999999997,0.36731,0.36007,0.34526,0.30319999999999997,0.28537,0.27732999999999997,0.25262,0.24081999999999998,0.25956,0.29879999999999995,0.3721,0.44776999999999995,0.502,0.5151,0.5234300000000001,0.52345,0.50806
2022-07-04,0.49465,0.45282999999999995,0.44015,0.42935,0.43304000000000004,0.47744,0.53688,0.5509999999999999,0.5601700000000001,0.5409999999999999,0.445,0.3963,0.3568,0.35936,0.33406,0.33463,0.33348,0.33496000000000004,0.45887,0.5429200000000001,0.57226,0.55829,0.57195,0.55126
2022-07-05,0.53496,0.4943,0.48441,0.47617,0.47494,0.49982,0.55547,0.58759,0.5750500000000001,0.47843,0.41511,0.43069999999999997,0.39675,0.38613,0.36771,0.3751,0.40434000000000003,0.4647,0.49745,0.5251399999999999,0.5377099999999999,0.54547,0.55298,0.53598
2022-07-06,0.5263899999999999,0.48412,0.46825999999999995,0.4552,0.47444,0.49779,0.5648299999999999,0.5888899999999999,0.59302,0.52776,0.46513,0.43583,0.395,0.38104,0.34743999999999997,0.33821,0.35383,0.40567,0.47819999999999996,0.5476099999999999,0.56036,0.5551999999999999,0.55435,0.44606999999999997
2022-07-07,0.42655,0.36602999999999997,0.35206,0.35363999999999995,0.35748,0.35609,0.3849,0.44639999999999996,0.45914999999999995,0.41813,0.41,0.395,0.37699,0.3695,0.34475999999999996,0.34213,0.33262,0.34468,0.4497,0.47502999999999995,0.5165,0.52475,0.5286,0.5204
2022-07-08,0.5687599999999999,0.45489999999999997,0.4164,0.41307,0.39407,0.42945,0.5459700000000001,0.5926899999999999,0.59429,0.53425,0.50373,0.44925,0.38895,0.3978,0.395,0.3809,0.39663,0.43718999999999997,0.49613999999999997,0.56414,0.59146,0.60147,0.59779,0.5451600000000001
2022-07-09,0.5249999999999999,0.45696,0.4085,0.42274,0.39601,0.39490000000000003,0.41556,0.43322,0.4142,0.32833,0.28259999999999996,0.28181999999999996,0.23970999999999998,0.20140999999999998,0.16815,0.14434,0.175,0.2299,0.32509999999999994,0.3698,0.4249,0.522,0.47836,0.5331999999999999
2022-07-10,0.448,0.4249,0.41711,0.398,0.37886,0.3722,0.3596,0.3596,0.273,0.3308,0.36475,0.22477,0.22727,0.20912999999999998,0.27502,0.23012,0.275,0.33418000000000003,0.405,0.49712999999999996,0.5448999999999999,0.55307,0.56488,0.5469200000000001
2022-07-11,0.49507999999999996,0.453,0.45093,0.44424,0.44711,0.473,0.57095,0.5900799999999999,0.60897,0.59119,0.57995,0.5719,0.5424599999999999,0.54109,0.4961,0.4213,0.435,0.5234399999999999,0.57504,0.63303,0.6449,0.62712,0.62505,0.59415
2022-07-12,0.5704899999999999,0.52457,0.5050399999999999,0.5065,0.5093399999999999,0.5371,0.5946400000000001,0.62866,0.6238999999999999,0.517,0.475,0.49107999999999996,0.43816,0.42239,0.4249,0.44543,0.46675,0.56664,0.591,0.63837,0.6803699999999999,0.655,0.63833,0.56775
2022-07-13,0.5910500000000001,0.54061,0.49439,0.47719,0.50004,0.50722,0.58697,0.61,0.625,0.59499,0.53948,0.5195099999999999,0.431,0.4,0.33026,0.35863,0.38639,0.46948,0.54242,0.58924,0.6146199999999999,0.61378,0.61026,0.54574
2022-07-14,0.57509,0.55306,0.52047,0.5091,0.51001,0.54663,0.59632,0.60831,0.60907,0.59491,0.5549,0.5318799999999999,0.47198,0.4415,0.40625,0.42152999999999996,0.45491000000000004,0.52075,0.5592699999999999,0.5549,0.61115,0.6089,0.5972599999999999,0.57504
2022-07-15,0.5249999999999999,0.49506999999999995,0.495,0.48001,0.48255,0.505,0.5799,0.60492,0.59163,0.50695,0.43744999999999995,0.41481999999999997,0.40141,0.365,0.35922,0.39710999999999996,0.406,0.49651,0.5342,0.59563,0.6048899999999999,0.6089800000000001,0.60789,0.57572
2022-07-16,0.55991,0.52496,0.45679000000000003,0.41235,0.42367,0.42521,0.38478,0.37473999999999996,0.35953,0.345,0.21053,0.17606999999999998,0.13499999999999998,0.10618,0.09756999999999998,0.15494999999999998,0.155,0.22769,0.375,0.4443,0.5086299999999999,0.51866,0.5325500000000001,0.5067699999999999
2022-07-17,0.46506,0.4158,0.37594,0.3701,0.37215,0.36522,0.3688,0.36455000000000004,0.36451,0.3398,0.29227,0.28808,0.25971,0.20581,0.18005,0.24974999999999997,0.2843,0.36818,0.51942,0.5688500000000001,0.5804400000000001,0.60995,0.5806899999999999,0.57234
2022-07-18,0.56477,0.50349,0.47423,0.45744,0.46201,0.47995,0.56811,0.5999399999999999,0.5502,0.54754,0.47796,0.47844,0.41372,0.3961,0.41717,0.41888,0.52823,0.575,0.58911,0.7751000000000001,0.8545399999999999,0.77498,0.70513,0.64486
2022-07-19,0.57746,0.54399,0.5086999999999999,0.50024,0.49372,0.52598,0.615,0.65549,0.5749,0.5178,0.47386,0.4467,0.46113,0.43436,0.46182999999999996,0.48639999999999994,0.49339999999999995,0.5549999999999999,0.56359,0.71547,0.6949000000000001,0.575,0.5030399999999999,0.45626
2022-07-20,0.4708,0.48160000000000003,0.5104,0.40234000000000003,0.51163,0.45508999999999994,0.51848,0.5683199999999999,0.524,0.49903,0.5,0.40598,0.40371999999999997,0.41091,0.45,0.47058,0.49430999999999997,0.53642,0.5549,0.61361,0.62775,0.5631999999999999,0.5347599999999999,0.4972
2022-07-21,0.482,0.4825,0.49322,0.50366,0.49542,0.5002599999999999,0.60456,0.63841,0.60407,0.56302,0.5333600000000001,0.5249999999999999,0.52106,0.49495999999999996,0.45464999999999994,0.45826,0.42754,0.46072,0.5423899999999999,0.575,0.61576,0.5942799999999999,0.6078999999999999,0.5200899999999999
2022-07-22,0.53206,0.48707,0.46758,0.46108,0.46207,0.4476,0.58114,0.6040099999999999,0.55845,0.5021,0.51332,0.4913,0.4513,0.41491999999999996,0.38371999999999995,0.41834,0.42130999999999996,0.5094799999999999,0.59961,0.587,0.59807,0.5749,0.56924,0.5571699999999999
2022-07-23,0.53071,0.5196700000000001,0.5269900000000001,0.51201,0.5070399999999999,0.50627,0.51203,0.50812,0.51878,0.52513,0.5051,0.46499,0.39,0.355,0.29370999999999997,0.36044999999999994,0.40144,0.44074,0.49948,0.5445199999999999,0.562,0.57504,0.55199,0.50097
2022-07-24,0.56826,0.5542400000000001,0.53006,0.506,0.49118,0.47781999999999997,0.44776,0.43593,0.39742,0.35058999999999996,0.3379,0.26225,0.24672,0.08757999999999999,0.12896,0.175,0.275,0.41905000000000003,0.5205,0.542,0.5444800000000001,0.57701,0.54633,0.52465
2022-07-25,0.5214,0.45176,0.44037,0.44103,0.43671,0.46129000000000003,0.5500799999999999,0.58514,0.58675,0.50505,0.44394999999999996,0.41091999999999995,0.38208,0.36885,0.35963999999999996,0.31867999999999996,0.379,0.38959999999999995,0.46386,0.52954,0.5348999999999999,0.5462400000000001,0.5485199999999999,0.4952
2022-07-26,0.46812,0.46158,0.37949999999999995,0.41281999999999996,0.43666,0.509,0.57175,0.57548,0.53077,0.5471999999999999,0.5681,0.5074,0.4699,0.42669999999999997,0.375,0.38688999999999996,0.4249,0.47425999999999996,0.5045,0.5348999999999999,0.5756,0.5708,0.5629,0.48802999999999996
2022-07-27,0.5591299999999999,0.49299,0.49068,0.50773,0.5070600000000001,0.53607,0.635,0.6732,0.5949,0.5331,0.5248999999999999,0.49622,0.478,0.452,0.411,0.442,0.499,0.56484,0.61666,0.649,0.67477,0.64395,0.63084,0.565
2022-07-28,0.61279,0.57591,0.57497,0.57224,0.57497,0.57504,0.66462,0.59578,0.57499,0.6221,0.5805,0.53893,0.5159400000000001,0.46199999999999997,0.5121899999999999,0.5284,0.5923,0.66418,0.6923600000000001,0.732,0.7250000000000001,0.6936499999999999,0.6726300000000001,0.5576
2022-07-29,0.52006,0.53043,0.53279,0.56351,0.54983,0.5678799999999999,0.6381600000000001,0.67736,0.6812400000000001,0.6491499999999999,0.59134,0.54426,0.4536,0.415,0.40012000000000003,0.52626,0.5092300000000001,0.6058999999999999,0.63985,0.6421,0.6779900000000001,0.64162,0.6276299999999999,0.54237
2022-07-30,0.6,0.5792999999999999,0.5800000000000001,0.5708500000000001,0.55206,0.55898,0.58178,0.59802,0.58772,0.56116,0.49029,0.46799999999999997,0.365,0.34274,0.375,0.4523,0.483,0.54602,0.6003000000000001,0.62876,0.6430199999999999,0.64169,0.63253,0.6123999999999999
2022-07-31,0.55779,0.51488,0.4751,0.46805,0.4463,0.44798,0.43603,0.4398,0.47501,0.46137,0.4361,0.43076,0.43807999999999997,0.39408,0.38373999999999997,0.40108,0.42707,0.49101,0.56979,0.6245499999999999,0.62795,0.63849,0.63276,0.58721
2022-08-01,0.56006,0.51906,0.51381,0.49586,0.5047200000000001,0.5549999999999999,0.60466,0.6429100000000001,0.6498999999999999,0.62584,0.617,0.58479,0.53649,0.5309999999999999,0.50076,0.5094,0.5358,0.5853999999999999,0.60779,0.63225,0.66561,0.66275,0.66014,0.60288
2022-08-02,0.61598,0.5650999999999999,0.5570999999999999,0.53489,0.52769,0.56803,0.6320399999999999,0.6549,0.6538999999999999,0.5448999999999999,0.47977,0.41803,0.2799,0.32699999999999996,0.2342,0.26182,0.37673999999999996,0.41601,0.5311600000000001,0.57863,0.6043799999999999,0.62802,0.6152599999999999,0.59167
2022-08-03,0.50398,0.5081,0.46843999999999997,0.5013000000000001,0.50496,0.53196,0.58815,0.60732,0.5584,0.4672,0.37277,0.35922999999999994,0.267,0.175,0.28119,0.31211,0.40569,0.53836,0.59806,0.66902,0.69143,0.68546,0.6357999999999999,0.59022
2022-08-04,0.6253,0.58926,0.5500700000000001,0.52349,0.5203,0.5500700000000001,0.62639,0.6551,0.6523,0.6021000000000001,0.5348999999999999,0.45407,0.4144,0.32033,0.33975999999999995,0.38097,0.46499999999999997,0.5749,0.613,0.675,0.6770700000000001,0.6632899999999999,0.6556,0.55403
2022-08-05,0.58023,0.53318,0.51264,0.51417,0.51352,0.56505,0.6249100000000001,0.643,0.65891,0.6089800000000001,0.5976999999999999,0.55322,0.52704,0.48571,0.44243,0.41174,0.40512,0.44272,0.5197499999999999,0.5888599999999999,0.5978,0.61222,0.6049100000000001,0.56155
2022-08-06,0.5367599999999999,0.49005,0.48358999999999996,0.45144999999999996,0.44276,0.47,0.46582999999999997,0.49002999999999997,0.48456,0.4478,0.39691999999999994,0.36053999999999997,0.27337999999999996,0.31737,0.29102,0.31477,0.33436,0.40641,0.49169999999999997,0.54642,0.57115,0.5549,0.5440799999999999,0.49998
2022-08-07,0.45288999999999996,0.40785,0.39327999999999996,0.38139999999999996,0.37546999999999997,0.38022999999999996,0.38,0.38129,0.33726999999999996,0.3177,0.275,0.26269,0.26182,0.23365999999999998,0.2375,0.261,0.27783,0.37442,0.47667,0.5683,0.59699,0.59492,0.5768599999999999,0.53442
2022-08-08,0.48507999999999996,0.4466,0.46614999999999995,0.45339999999999997,0.44789999999999996,0.48538,0.5934200000000001,0.5972500000000001,0.58968,0.55955,0.5144,0.47284,0.45235000000000003,0.46032999999999996,0.45807,0.47994,0.5043500000000001,0.58102,0.6150199999999999,0.6708999999999999,0.6688700000000001,0.63,0.60415,0.5662
2022-08-09,0.50576,0.47392,0.47395,0.4642,0.47075,0.49501,0.55792,0.58998,0.6012200000000001,0.55899,0.48508999999999997,0.45717,0.43371,0.41486999999999996,0.41379,0.43644,0.46327999999999997,0.5258499999999999,0.595,0.6448,0.64472,0.6036699999999999,0.58145,0.51831
2022-08-10,0.47201,0.46198,0.47370999999999996,0.4606,0.46899,0.47617,0.52245,0.5672200000000001,0.57051,0.53126,0.4779,0.45361,0.4465,0.40669999999999995,0.41317,0.4376,0.4781,0.528,0.58493,0.624,0.62973,0.595,0.5818399999999999,0.53001
2022-08-11,0.48492,0.47502999999999995,0.485,0.4813,0.487,0.52206,0.58165,0.59497,0.5899,0.57216,0.5301,0.50185,0.4611,0.44486,0.44286,0.469,0.5098,0.57631,0.625,0.7148999999999999,0.7097499999999999,0.621,0.58999,0.565
2022-08-12,0.5971,0.5800000000000001,0.5707,0.56695,0.5775699999999999,0.58301,0.64426,0.68831,0.683,0.6475599999999999,0.5949,0.56616,0.5098,0.45166,0.46929,0.5389999999999999,0.56558,0.62314,0.66499,0.7350000000000001,0.7404,0.6827799999999999,0.6444700000000001,0.59902
2022-08-13,0.60223,0.5757099999999999,0.56287,0.54909,0.55079,0.55776,0.5549,0.56374,0.5749,0.5495,0.50841,0.45617,0.3604,0.2599,0.29269999999999996,0.4405,0.51216,0.5872999999999999,0.6412,0.6782600000000001,0.6797,0.65494,0.6369100000000001,0.6008899999999999
2022-08-14,0.5912999999999999,0.5722,0.5529,0.5289999999999999,0.52506,0.52601,0.52777,0.52505,0.53017,0.51494,0.484,0.40453,0.175,0.155,0.21076,0.31618,0.46631,0.51852,0.5909,0.62991,0.63496,0.6376,0.63042,0.58809
2022-08-15,0.55003,0.53609,0.5356399999999999,0.5249999999999999,0.52799,0.5385899999999999,0.57724,0.6207,0.6547000000000001,0.6278,0.60641,0.58206,0.57731,0.5671299999999999,0.56777,0.55509,0.5750500000000001,0.62384,0.6699999999999999,0.6950099999999999,0.73072,0.7116899999999999,0.6819999999999999,0.65042
2022-08-16,0.6149,0.59716,0.5467,0.563,0.5389999999999999,0.5568,0.6149,0.655,0.6265000000000001,0.6173,0.5701,0.55402,0.5302,0.53843,0.5764,0.5903,0.6067,0.6699999999999999,0.6961999999999999,0.7749900000000001,0.8370499999999998,0.82338,0.7350000000000001,0.6808399999999999
2022-08-17,0.6989400000000001,0.6588799999999999,0.64713,0.6038,0.56071,0.6043000000000001,0.6655199999999999,0.7688999999999999,0.7913300000000001,0.7501,0.7249700000000001,0.7018899999999999,0.655,0.675,0.63703,0.675,0.7165999999999999,0.7683,0.85104,0.92293,0.8560000000000001,0.80409,0.7270300000000001,0.6802900000000001
2022-08-18,0.69892,0.6549,0.655,0.60992,0.5890500000000001,0.5910500000000001,0.7250000000000001,0.7739,0.77725,0.7885900000000001,0.677,0.7325999999999999,0.72021,0.619,0.67423,0.6659999999999999,0.5306299999999999,0.6118,0.62557,0.79325,0.8140000000000001,0.7750599999999999,0.7070000000000001,0.6999299999999999
2022-08-19,0.68509,0.64263,0.6251,0.59368,0.61439,0.64462,0.68178,0.74624,0.74034,0.6601,0.60449,0.6152,0.5858,0.6581,0.62815,0.6103000000000001,0.66586,0.69242,0.7205599999999999,0.7439899999999999,0.7444,0.7250000000000001,0.7055800000000001,0.6799299999999999
2022-08-20,0.68709,0.6750499999999999,0.65509,0.63504,0.62761,0.62715,0.64669,0.6500299999999999,0.65993,0.6550199999999999,0.6395,0.61819,0.5951,0.52691,0.50689,0.5036,0.52337,0.5775600000000001,0.65006,0.7049099999999999,0.7440800000000001,0.7189299999999998,0.71167,0.6061000000000001
2022-08-21,0.60527,0.556,0.54994,0.5192699999999999,0.498,0.49906999999999996,0.54099,0.52335,0.507,0.49226,0.42952,0.33435,0.27231,0.23099999999999998,0.27234,0.36069999999999997,0.48948,0.63,0.7050000000000001,0.7669999999999999,0.8014999999999999,0.7823500000000001,0.7704599999999999,0.7451099999999999
2022-08-22,0.6792499999999999,0.65242,0.64264,0.62283,0.6250199999999999,0.67208,0.73672,0.7748999999999999,0.7849999999999999,0.7705900000000001,0.7584600000000001,0.7424999999999999,0.6349,0.69499,0.7250000000000001,0.7522,0.7616699999999998,0.7885499999999999,0.815,0.8192299999999999,0.85497,0.80463,0.76386,0.72
2022-08-23,0.7250000000000001,0.67973,0.6819999999999999,0.67557,0.67832,0.7060199999999999,0.80295,0.84321,0.855,0.8150999999999999,0.78901,0.7143999999999999,0.6869000000000001,0.6750400000000001,0.7243200000000001,0.74762,0.7794299999999998,0.82315,0.8886499999999999,0.9699500000000001,0.946,0.8838300000000001,0.819,0.7749900000000001
2022-08-24,0.7567999999999999,0.7250000000000001,0.72519,0.71098,0.71401,0.74918,0.823,0.85825,0.8692599999999999,0.8249199999999999,0.70502,0.6976,0.63215,0.6706099999999999,0.67013,0.7294,0.7750599999999999,0.8473300000000001,0.925,1.025,0.9585599999999999,0.89987,0.8343700000000001,0.7455399999999999
2022-08-25,0.69635,0.6979199999999999,0.6950700000000001,0.6880599999999999,0.6936,0.7050700000000001,0.7812300000000001,0.84259,0.86484,0.81239,0.7470399999999999,0.65954,0.59338,0.6621999999999999,0.57626,0.6748999999999999,0.7071000000000001,0.8617999999999999,0.88923,0.9417899999999999,0.935,0.885,0.8484,0.80173
2022-08-26,0.7821499999999999,0.7550700000000001,0.74753,0.74604,0.74421,0.77399,0.925,0.9442299999999999,0.9779800000000001,0.95662,0.9382000000000001,0.92503,0.8749,0.8168200000000001,0.7651399999999999,0.823,0.8349,0.925,0.9450000000000001,0.9548099999999999,0.9535100000000001,0.9450000000000001,0.9227399999999999,0.875
2022-08-27,0.8601399999999999,0.8191999999999999,0.8117999999999999,0.7628999999999999,0.73847,0.7481,0.7559,0.8109999999999999,0.8575900000000001,0.8609500000000001,0.83575,0.74648,0.7126000000000001,0.6520299999999999,0.6651499999999999,0.6210199999999999,0.65358,0.7253400000000001,0.84216,0.88236,0.87506,0.8409800000000001,0.83494,0.7723
2022-08-28,0.76003,0.6664,0.6427,0.605,0.60097,0.58492,0.60229,0.6169100000000001,0.64245,0.6126199999999999,0.44938999999999996,0.39443,0.18178999999999998,0.16415,0.16499999999999998,0.13774999999999998,0.251,0.5112,0.7514400000000001,0.8474199999999998,0.87398,0.8203099999999999,0.7817000000000001,0.7650299999999999
2022-08-29,0.7658499999999999,0.7191399999999999,0.6982999999999999,0.6931,0.69102,0.75333,0.8649800000000001,0.94492,0.9660599999999999,0.7669999999999999,0.78949,0.7181,0.6473800000000001,0.68852,0.68543,0.67564,0.77542,0.91368,0.9149,1.046,1.03589,0.9750000000000001,0.9322999999999999,0.6599999999999999
2022-08-30,0.7924899999999999,0.77007,0.7600100000000001,0.75996,0.69936,0.78755,0.9149,0.95306,0.96631,0.93052,0.825,0.7260199999999999,0.6721999999999999,0.6449400000000001,0.6829799999999999,0.6819200000000001,0.6862999999999999,0.89337,0.85226,0.7693099999999999,0.84206,0.65105,0.78589,0.73119
2022-08-31,0.6753899999999999,0.68388,0.71346,0.6440899999999999,0.7168300000000001,0.7035800000000001,0.8249899999999999,0.6673100000000001,0.7250000000000001,0.7653999999999999,0.6473,0.726,0.67101,0.627,0.63253,0.641,0.65742,0.7250000000000001,0.7601,0.8066199999999999,0.85487,0.8299099999999999,0.6748999999999999,0.65361
2022-09-01,0.6013999999999999,0.62096,0.62276,0.62698,0.67013,0.7078,0.7886900000000001,0.82839,0.8018700000000001,0.75858,0.6949000000000001,0.6537999999999999,0.61668,0.63898,0.6364,0.6445,0.68913,0.7762,0.81,0.85598,0.825,0.7881,0.7250000000000001,0.6499999999999999
2022-09-02,0.63105,0.5937399999999999,0.57035,0.5376799999999999,0.56673,0.62042,0.7070799999999999,0.7411000000000001,0.7564,0.69553,0.67198,0.59138,0.4563,0.43717,0.43897,0.48568,0.54183,0.6597999999999999,0.72923,0.7689600000000001,0.7251000000000001,0.577,0.46599999999999997,0.43727999999999995
2022-09-03,0.4396,0.39569999999999994,0.431,0.42496999999999996,0.40701,0.46667000000000003,0.45,0.54508,0.5735,0.55556,0.38173,0.3216,0.22186,0.19777999999999998,0.28078,0.35585,0.41542999999999997,0.57332,0.62863,0.7050000000000001,0.67498,0.575,0.55671,0.49472
2022-09-04,0.48392999999999997,0.41796,0.36995999999999996,0.37771,0.394,0.3685,0.38606999999999997,0.40138999999999997,0.38495,0.3911,0.29921,0.26746,0.26127,0.2399,0.2541,0.27471,0.37912,0.55,0.6304700000000001,0.68493,0.68493,0.62,0.58467,0.51028
2022-09-05,0.44425,0.395,0.38744999999999996,0.39783999999999997,0.41433,0.5425199999999999,0.6349,0.6815,0.69493,0.6382399999999999,0.5583,0.45705,0.40218,0.35756,0.3791,0.44237,0.5369999999999999,0.64656,0.73479,0.764,0.6818200000000001,0.57827,0.5749,0.4749
2022-09-06,0.44850999999999996,0.47329,0.45999999999999996,0.4855,0.46175,0.5159100000000001,0.6848000000000001,0.73726,0.73675,0.66751,0.6238999999999999,0.5742,0.43107,0.47170999999999996,0.5085999999999999,0.53897,0.60952,0.6990000000000001,0.7422599999999999,0.80905,0.76843,0.7200499999999999,0.64501,0.63141
2022-09-07,0.59026,0.5586,0.54106,0.54085,0.56213,0.5684499999999999,0.65968,0.6949000000000001,0.69977,0.6738999999999999,0.556,0.52377,0.5249999999999999,0.511,0.53238,0.54681,0.61725,0.69631,0.72366,0.7748999999999999,0.77498,0.7075,0.6614,0.61381
2022-09-08,0.61695,0.58274,0.5752900000000001,0.5569200000000001,0.55423,0.5791299999999999,0.6757500000000001,0.6950000000000001,0.69906,0.68496,0.65859,0.62813,0.604,0.57287,0.5633,0.5680099999999999,0.573,0.625,0.67991,0.71044,0.67072,0.64229,0.5556399999999999,0.45844999999999997
2022-09-09,0.47501,0.4132,0.37890999999999997,0.36666999999999994,0.40187,0.4537,0.5373,0.60459,0.60646,0.57656,0.528,0.505,0.51476,0.46917000000000003,0.46964999999999996,0.46661,0.53864,0.5640799999999999,0.6106199999999999,0.64235,0.64,0.59495,0.5732900000000001,0.55044
2022-09-10,0.57585,0.53409,0.52709,0.5230699999999999,0.5230899999999999,0.53104,0.5563,0.58607,0.60272,0.6041799999999999,0.5949,0.59336,0.57498,0.53,0.52399,0.5283899999999999,0.54698,0.61124,0.64452,0.66686,0.65898,0.6349499999999999,0.61897,0.6120099999999999
2022-09-11,0.5964499999999999,0.56007,0.56006,0.54422,0.53354,0.54402,0.55402,0.5600099999999999,0.5771299999999999,0.5771299999999999,0.5635,0.55504,0.5349999999999999,0.47,0.4268,0.472,0.5181,0.5793200000000001,0.6349899999999999,0.6809399999999999,0.6921999999999999,0.65994,0.5749,0.575
2022-09-12,0.5220899999999999,0.5303100000000001,0.52981,0.5248999999999999,0.5283899999999999,0.5640499999999999,0.61687,0.6748999999999999,0.6282,0.6113999999999999,0.575,0.5321,0.51842,0.50491,0.481,0.51861,0.54543,0.6467099999999999,0.69,0.6797200000000001,0.6902599999999999,0.6183099999999999,0.544,0.51696
2022-09-13,0.52006,0.49243,0.481,0.48339999999999994,0.48810000000000003,0.50968,0.5877300000000001,0.62048,0.64455,0.63005,0.60688,0.6038600000000001,0.5231600000000001,0.50755,0.5104,0.5243,0.53354,0.6638,0.68567,0.7230300000000001,0.71028,0.63413,0.5974200000000001,0.54636
2022-09-14,0.52008,0.49498000000000003,0.51387,0.51064,0.51169,0.51376,0.575,0.67319,0.6826000000000001,0.6756599999999999,0.6673199999999999,0.6674,0.6328,0.62937,0.55421,0.58104,0.5276000000000001,0.6033999999999999,0.62498,0.66306,0.66282,0.63534,0.5751,0.5194
2022-09-15,0.56663,0.51377,0.49224999999999997,0.47687,0.44699,0.49583999999999995,0.625,0.63885,0.6751,0.64577,0.57348,0.55002,0.49108999999999997,0.47517,0.47108999999999995,0.43582,0.4497,0.54108,0.6328,0.6493,0.6398999999999999,0.596,0.52684,0.5273
2022-09-16,0.45499,0.3788,0.35566,0.34616,0.35124999999999995,0.3909,0.5247200000000001,0.59131,0.621,0.50878,0.36532,0.28686,0.20900999999999997,0.175,0.175,0.21897,0.25809,0.32492,0.48874999999999996,0.53893,0.5249999999999999,0.39456,0.33997999999999995,0.31564
2022-09-17,0.346,0.27,0.26181,0.2552,0.25085999999999997,0.26009,0.27371999999999996,0.302,0.28624,0.24902999999999997,0.25455,0.22636,0.21892,0.18009,0.17790999999999998,0.177,0.21017999999999998,0.28348999999999996,0.31742,0.4104,0.42513999999999996,0.36955,0.28679,0.32589999999999997
2022-09-18,0.27014,0.25715,0.25248,0.245,0.24874999999999997,0.24491,0.26896,0.31845999999999997,0.31842,0.30479,0.345,0.27171999999999996,0.26344,0.21991,0.20723999999999998,0.2135,0.23038999999999998,0.27932,0.3706,0.41020999999999996,0.44961,0.412,0.4118,0.382
2022-09-19,0.30016,0.3375,0.3385,0.28312,0.28617,0.3444,0.51843,0.57393,0.5903799999999999,0.52227,0.49937,0.40569,0.36578,0.32835,0.34513,0.32377999999999996,0.37843,0.5249999999999999,0.58243,0.61705,0.5950500000000001,0.55,0.5176799999999999,0.47169
2022-09-20,0.43677,0.4351,0.45264999999999994,0.43747,0.4351,0.4533,0.55,0.608,0.60161,0.5418499999999999,0.5249999999999999,0.5001599999999999,0.475,0.45752999999999994,0.45999999999999996,0.48786,0.52193,0.57775,0.64405,0.66698,0.64928,0.6049,0.5631999999999999,0.5248999999999999
2022-09-21,0.4853,0.47457999999999995,0.47454,0.47457999999999995,0.47228,0.48498,0.48519999999999996,0.7097499999999999,0.63485,0.48495,0.49489999999999995,0.46454,0.438,0.4249,0.435,0.445,0.4765,0.5039499999999999,0.645,0.7495099999999999,0.66553,0.57866,0.5449999999999999,0.5243899999999999
2022-09-22,0.5480700000000001,0.51441,0.50508,0.48594,0.4972,0.5349999999999999,0.6101000000000001,0.71103,0.6738,0.56288,0.50868,0.50162,0.4423,0.40793999999999997,0.45836,0.46451,0.55192,0.6127400000000001,0.6443,0.7749999999999999,0.685,0.59338,0.57134,0.55369
2022-09-23,0.52756,0.49842000000000003,0.48757999999999996,0.47548,0.47812,0.49956999999999996,0.5856600000000001,0.63029,0.5995699999999999,0.53308,0.54385,0.5249999999999999,0.49316,0.48251999999999995,0.513,0.52912,0.5599700000000001,0.5970899999999999,0.63513,0.6499999999999999,0.6125799999999999,0.56646,0.5618000000000001,0.53304
2022-09-24,0.55294,0.51912,0.48702999999999996,0.48223,0.48129,0.48936,0.5202,0.54678,0.54566,0.5501499999999999,0.5449299999999999,0.53849,0.505,0.47329,0.474,0.49211,0.532,0.54947,0.5607,0.60895,0.58268,0.54655,0.53773,0.48997
2022-09-25,0.44366,0.405,0.39024000000000003,0.39015999999999995,0.3694,0.3726,0.40313999999999994,0.4149,0.45374,0.46214999999999995,0.3849,0.31999999999999995,0.31999999999999995,0.285,0.31,0.3278,0.349,0.50313,0.55509,0.58714,0.56899,0.54497,0.52317,0.46943
2022-09-26,0.42377,0.35485,0.33184,0.29318,0.26539999999999997,0.31779999999999997,0.399,0.47262,0.46778,0.44489999999999996,0.42606,0.40900000000000003,0.39969999999999994,0.37515,0.3443,0.34024,0.415,0.48955,0.56413,0.59271,0.57158,0.5046999999999999,0.47399,0.43891
2022-09-27,0.36595,0.35524,0.3448,0.32630000000000003,0.34235,0.35368999999999995,0.45216,0.58238,0.59432,0.44662,0.38861,0.39064,0.4121,0.42554,0.4546,0.46791,0.48311,0.54047,0.5582199999999999,0.5967899999999999,0.57763,0.52643,0.50869,0.49471
2022-09-28,0.48142,0.45077999999999996,0.42094,0.41798,0.44876999999999995,0.48213,0.55817,0.6476299999999999,0.6753800000000001,0.5749,0.5611999999999999,0.55657,0.50081,0.49924,0.47492,0.5249999999999999,0.55998,0.61059,0.6821200000000001,0.81542,0.685,0.59499,0.5476099999999999,0.5367999999999999
2022-09-29,0.52645,0.5115099999999999,0.5011399999999999,0.49018999999999996,0.495,0.5205299999999999,0.61507,0.7449299999999999,0.75844,0.5820799999999999,0.5467500000000001,0.5271,0.50549,0.51925,0.5103,0.5249999999999999,0.54145,0.62001,0.6981900000000001,0.78,0.6950000000000001,0.59999,0.57203,0.54946
2022-09-30,0.52444,0.5111,0.50003,0.49742000000000003,0.4998,0.5234399999999999,0.6049899999999999,0.6990000000000001,0.70326,0.52533,0.5171,0.44279,0.34256,0.4049,0.33405,0.32355,0.375,0.47981999999999997,0.52779,0.5140899999999999,0.46770999999999996,0.36744,0.33899999999999997,0.26695
2022-10-01,0.27475,0.23859,0.22499999999999998,0.19648,0.19191,0.19002999999999998,0.19002,0.38031,0.385,0.392,0.28792,0.28176999999999996,0.265,0.24903999999999998,0.23493999999999998,0.23292,0.24481999999999998,0.31279999999999997,0.40181999999999995,0.44488,0.445,0.401,0.362,0.3373
2022-10-02,0.2763,0.23395,0.28384,0.29655,0.267,0.27952,0.29368,0.38680000000000003,0.3756,0.4335,0.4001,0.32849,0.39490000000000003,0.31467,0.25043,0.30756,0.4111,0.412,0.455,0.532,0.52559,0.46887999999999996,0.43180999999999997,0.391
2022-10-03,0.46663,0.46666,0.46955,0.47125,0.46499999999999997,0.45492,0.445,0.5549,0.5549,0.75,0.5004,0.552,0.4229,0.485,0.381,0.4118,0.4251,0.52198,0.56611,0.64393,0.5548500000000001,0.4963,0.49342,0.4593
2022-10-04,0.39274,0.37026,0.37829999999999997,0.34409999999999996,0.36268999999999996,0.37192,0.50497,0.6025,0.67239,0.42922,0.39015999999999995,0.35539,0.32931999999999995,0.3244,0.314,0.31908000000000003,0.3476,0.39102000000000003,0.55203,0.5398499999999999,0.46572,0.37737,0.33837,0.3087
2022-10-05,0.37499,0.32399999999999995,0.31301999999999996,0.27069,0.28964,0.26336,0.353,0.395,0.4,0.38388,0.28223,0.22984,0.21122999999999997,0.17603,0.17825,0.18746,0.2499,0.369,0.38459999999999994,0.4406,0.406,0.40654999999999997,0.4001,0.26822
2022-10-06,0.19008999999999998,0.175,0.17509,0.17507999999999999,0.175,0.23257,0.28026,0.40869999999999995,0.4149,0.3749,0.31599999999999995,0.175,0.175,0.1704,0.16616999999999998,0.20221,0.24109999999999998,0.31618999999999997,0.4405,0.46932999999999997,0.3649,0.355,0.345,0.3393
2022-10-07,0.32499999999999996,0.2949,0.27899999999999997,0.32130000000000003,0.32599999999999996,0.295,0.33009999999999995,0.40493999999999997,0.44411,0.36396,0.3464,0.276,0.18864999999999998,0.18874,0.22499999999999998,0.26202,0.3126,0.32112999999999997,0.4402,0.47170999999999996,0.3739,0.3124,0.33247,0.3049
2022-10-08,0.29993000000000003,0.3154,0.2984,0.30238,0.32230000000000003,0.30913999999999997,0.29971,0.33509,0.34480999999999995,0.33787999999999996,0.29943,0.22071999999999997,0.21156999999999998,0.21,0.20493999999999998,0.22910999999999998,0.3428,0.3649,0.42493000000000003,0.4957,0.4398,0.41874,0.40881,0.39591
2022-10-09,0.39113,0.37002,0.3651,0.33709999999999996,0.31694999999999995,0.32211999999999996,0.32799999999999996,0.37068,0.3717,0.32585,0.291,0.263,0.2682,0.22499999999999998,0.23596,0.25411,0.3082,0.35808,0.37384,0.44433999999999996,0.3749,0.33140000000000003,0.315,0.301
2022-10-10,0.295,0.311,0.33275,0.26112,0.26566,0.3164,0.34365999999999997,0.40225999999999995,0.44126,0.4082,0.38056,0.33387,0.31262,0.30982,0.30906999999999996,0.32423,0.33386,0.38744999999999996,0.42281,0.433,0.40785,0.3799,0.355,0.33433999999999997
2022-10-11,0.33299999999999996,0.3493,0.3493,0.34653999999999996,0.345,0.34058,0.42596,0.47491,0.52416,0.47587,0.43372,0.40486999999999995,0.36156999999999995,0.35817,0.38225,0.3826,0.43183999999999995,0.49889999999999995,0.61772,0.6597500000000001,0.5088999999999999,0.47002,0.43703,0.43354000000000004
2022-10-12,0.41157,0.39721,0.38256,0.37399,0.39490000000000003,0.375,0.3974,0.5148999999999999,0.596,0.39769999999999994,0.39390000000000003,0.3435,0.34017,0.369,0.38412999999999997,0.39979,0.3921,0.47008999999999995,0.5533999999999999,0.65497,0.49932,0.44802,0.41803999999999997,0.40357
2022-10-13,0.39366,0.385,0.3688,0.35796,0.37002,0.39346000000000003,0.415,0.3849,0.5048999999999999,0.47656,0.44989999999999997,0.4527,0.4377,0.42999,0.43,0.43857999999999997,0.44165,0.46735,0.49463999999999997,0.51871,0.4651,0.4001,0.4001,0.37612999999999996
2022-10-14,0.40632,0.39459999999999995,0.38712,0.38661999999999996,0.39391999999999994,0.40449,0.4288,0.5249999999999999,0.425,0.5023899999999999,0.47225999999999996,0.4274,0.43700999999999995,0.41337,0.39642,0.41769,0.4336,0.449,0.46499999999999997,0.4743,0.44199,0.39293999999999996,0.39503,0.368
2022-10-15,0.36676,0.349,0.3388,0.31974,0.31489999999999996,0.30835999999999997,0.32249,0.3348,0.36182,0.37433,0.36009,0.33499999999999996,0.31990999999999997,0.31157,0.2928,0.295,0.30816,0.34379,0.36149,0.36583,0.32637,0.31092,0.31403000000000003,0.30476
2022-10-16,0.2671,0.24599,0.24703999999999998,0.24375,0.25412,0.2481,0.24717,0.25095,0.295,0.27505999999999997,0.26527,0.26002,0.22601,0.18949,0.2589,0.28969999999999996,0.2739,0.34224,0.37112999999999996,0.39862,0.35207,0.31996,0.31504,0.30955
2022-10-17,0.30330999999999997,0.28941,0.28065,0.26464,0.25323,0.27632999999999996,0.29801,0.32916999999999996,0.35741999999999996,0.33609999999999995,0.31179999999999997,0.31245,0.29801999999999995,0.30706999999999995,0.31227,0.31532,0.34377,0.39615999999999996,0.43825,0.44316,0.365,0.33925,0.34791,0.32001999999999997
2022-10-18,0.31664,0.31071,0.31535,0.31494999999999995,0.31559,0.31903,0.32509999999999994,0.35574,0.4071,0.37834999999999996,0.36851,0.35428,0.30088,0.31355,0.29701,0.3147,0.315,0.37351,0.4051,0.42284999999999995,0.37358,0.34068,0.31999,0.3286
2022-10-19,0.304,0.30018,0.29642,0.29667,0.29562,0.30557999999999996,0.31571,0.35509999999999997,0.36821000000000004,0.315,0.29159999999999997,0.291,0.297,0.26349999999999996,0.2868,0.255,0.29113,0.34923,0.3151,0.3133,0.2959,0.30091,0.30101,0.30299
2022-10-20,0.2495,0.21383,0.24724,0.22399999999999998,0.2206,0.23201,0.275,0.32699999999999996,0.37081,0.34265,0.34192999999999996,0.32498,0.3072,0.30466,0.30298,0.30394,0.3151,0.34328000000000003,0.35231999999999997,0.35808,0.33965,0.31398,0.30441999999999997,0.29911
2022-10-21,0.30672999999999995,0.29362,0.28836,0.28601,0.29445,0.30788,0.31489999999999996,0.34997,0.36777,0.36848,0.35509999999999997,0.352,0.31308,0.3049,0.29444,0.30017,0.3217,0.37105,0.37195999999999996,0.33237,0.30466,0.31703,0.3266,0.3176
2022-10-22,0.31784999999999997,0.29978,0.30403,0.29178,0.2932,0.29328,0.2951,0.30744,0.29685,0.31636,0.30574,0.29785,0.295,0.28744,0.27928,0.289,0.2991,0.33222999999999997,0.35387,0.35812,0.33873,0.31799999999999995,0.31201,0.30741999999999997
2022-10-23,0.28565999999999997,0.27415,0.26854,0.265,0.27144999999999997,0.26434,0.2798,0.285,0.29366,0.28920999999999997,0.271,0.26819,0.25839,0.25117,0.25331,0.25342,0.26337,0.27531,0.28402,0.29048999999999997,0.2763,0.25949,0.25343,0.24680999999999997
2022-10-24,0.22735,0.22482,0.21308,0.19988,0.21101999999999999,0.22319999999999998,0.23357,0.27137999999999995,0.2971,0.28391,0.27492,0.25,0.235,0.241,0.24312,0.25107999999999997,0.2575,0.2827,0.29122,0.30099,0.28189,0.26145999999999997,0.26066999999999996,0.2529
2022-10-25,0.23187,0.22554,0.23148999999999997,0.23118999999999998,0.2424,0.24567,0.256,0.26183999999999996,0.283,0.29844,0.27261,0.27,0.26637,0.24917,0.24827,0.255,0.27669,0.32763,0.35355000000000003,0.35977000000000003,0.32489999999999997,0.29186,0.2803,0.28733
2022-10-26,0.26178,0.26265,0.2599,0.252,0.2506,0.24902,0.25505,0.265,0.32705,0.31104,0.29855,0.25519,0.255,0.2622,0.25392,0.26176,0.21999999999999997,0.30923999999999996,0.295,0.2849,0.276,0.263,0.265,0.2603
2022-10-27,0.26548,0.27047,0.27232999999999996,0.2694,0.27169,0.28561,0.29999,0.33613,0.35224999999999995,0.3177,0.30054000000000003,0.29331999999999997,0.27706,0.2727,0.27823,0.29429,0.31555999999999995,0.33455999999999997,0.33291,0.31994,0.30682,0.303,0.29547999999999996,0.27329
2022-10-28,0.26191,0.2611,0.26143,0.26294,0.26232,0.26727,0.28947999999999996,0.30243,0.30796999999999997,0.29484,0.28420999999999996,0.27368,0.2693,0.2582,0.25915,0.2515,0.26627,0.2949,0.30408,0.30198,0.28670999999999996,0.27581999999999995,0.2758,0.26703
2022-10-29,0.26837999999999995,0.26776999999999995,0.26541,0.26298,0.262,0.26161,0.26344,0.27574,0.29003999999999996,0.284,0.27048,0.262,0.25714,0.25542,0.25773,0.26116,0.261,0.28881999999999997,0.30599,0.30491,0.28876999999999997,0.2849,0.27826,0.27249
2022-10-30,0.27801,0.27549,0.27492,0.27332999999999996,0.27347,0.27398,0.27554999999999996,0.28504,0.28831999999999997,0.27918,0.27281,0.27503,0.275,0.275,0.28443,0.29961,0.31503,0.33099999999999996,0.34538,0.33999999999999997,0.32252000000000003,0.31386000000000003,0.302,0.28426
2022-10-31,0.29947,0.29408999999999996,0.29131999999999997,0.28959999999999997,0.29007,0.29854,0.32042,0.3414,0.34299999999999997,0.32830000000000004,0.31835,0.31694999999999995,0.31696,0.32096,0.32999999999999996,0.34414999999999996,0.34836,0.367,0.35786,0.34296,0.32216999999999996,0.31178,0.2949,0.275
2022-11-01,0.26,0.25092,0.23026,0.21289,0.21595999999999999,0.2304,0.23829999999999998,0.25478999999999996,0.26305999999999996,0.24264999999999998,0.23251,0.22391,0.21017,0.21624,0.24389,0.255,0.26183999999999996,0.2867,0.29879,0.28136,0.2651,0.2536,0.2501,0.21166
2022-11-02,0.21449,0.19934,0.1846,0.182,0.19285,0.21139,0.25366,0.27957,0.29844,0.27051000000000003,0.24142,0.22499999999999998,0.22172999999999998,0.23215999999999998,0.25092,0.26879,0.2749,0.32053,0.3132,0.27975,0.26765,0.26145999999999997,0.26349999999999996,0.254
2022-11-03,0.24187999999999998,0.2273,0.20526,0.21392,0.20848999999999998,0.23858,0.25938,0.2747,0.2829,0.28051,0.26915,0.28095,0.27896,0.30387,0.2855,0.3104,0.30601,0.30932,0.31942,0.30344,0.3011,0.29066,0.30032,0.28854
2022-11-04,0.32999999999999996,0.28986999999999996,0.31689999999999996,0.31094,0.29109999999999997,0.30574,0.34979,0.38105,0.39015,0.3849,0.37995999999999996,0.355,0.3466,0.36400999999999994,0.32830000000000004,0.358,0.3505,0.41498999999999997,0.41555,0.39274,0.37058,0.362,0.3548,0.34743999999999997
2022-11-05,0.32559,0.32218,0.31135999999999997,0.30565,0.30565,0.31,0.3164,0.3172,0.31782,0.31935,0.31211999999999995,0.3034,0.30056,0.29,0.30156,0.31303000000000003,0.32599999999999996,0.34195,0.345,0.33829,0.30162,0.29011,0.28056,0.26396
2022-11-06,0.236,0.21463,0.22407,0.21228,0.24375999999999998,0.21575999999999998,0.23859999999999998,0.21999999999999997,0.22438,0.2399,0.24669999999999997,0.25278,0.29769999999999996,0.24984,0.26546,0.26559,0.27132999999999996,0.33499999999999996,0.32489999999999997,0.32499999999999996,0.29769999999999996,0.28852,0.27273,0.24392999999999998
2022-11-07,0.17509,0.17509,0.17509,0.17529999999999998,0.18,0.18406999999999998,0.22932,0.27452,0.3077,0.32489999999999997,0.3205,0.31489999999999996,0.3067,0.3205,0.31699999999999995,0.32661,0.32499999999999996,0.33555999999999997,0.33238999999999996,0.31069,0.3003,0.25933,0.25206,0.22935999999999998
2022-11-08,0.21764,0.20495999999999998,0.2027,0.20121,0.20595999999999998,0.20925,0.243,0.30327000000000004,0.31052,0.2751,0.25639999999999996,0.25427,0.25034999999999996,0.26622999999999997,0.26846,0.29603,0.29567,0.31450999999999996,0.33272999999999997,0.301,0.293,0.29669999999999996,0.287,0.273
2022-11-09,0.25389,0.21,0.19382,0.19305,0.20299999999999999,0.24716,0.29055,0.3222,0.3349,0.3222,0.30413,0.2878,0.2822,0.29319,0.3184,0.32406999999999997,0.33406,0.36794,0.37539999999999996,0.34596,0.32409999999999994,0.31569,0.30350999999999995,0.3022
2022-11-10,0.2875,0.28339,0.269,0.26859999999999995,0.27344999999999997,0.27999999999999997,0.32627,0.35685,0.37412,0.33016,0.28076999999999996,0.26249,0.25572,0.26331,0.28792,0.32792,0.3583,0.37063999999999997,0.37255,0.35016,0.31023,0.27901,0.29962999999999995,0.25512
2022-11-11,0.20260999999999998,0.20290999999999998,0.19709,0.2182,0.17504,0.18614,0.28004,0.30981000000000003,0.32523,0.30052,0.28631999999999996,0.27846,0.26990000000000003,0.28059999999999996,0.30796999999999997,0.3528,0.36288,0.38688,0.38237,0.35312,0.33228,0.30934,0.30245,0.29640999999999995
2022-11-12,0.31279999999999997,0.30921,0.30501,0.30179999999999996,0.30444,0.30468,0.33299999999999996,0.3475,0.34909999999999997,0.34192999999999996,0.31684999999999997,0.3053,0.30878,0.31282,0.32487999999999995,0.37500999999999995,0.3649,0.41569999999999996,0.413,0.37471,0.35307,0.3426,0.33626999999999996,0.3337
2022-11-13,0.3438,0.32721,0.31799999999999995,0.302,0.30906999999999996,0.31028999999999995,0.31028999999999995,0.32575,0.33096000000000003,0.30657,0.29530999999999996,0.308,0.30513,0.3,0.31245999999999996,0.31645,0.32413,0.3739,0.37297,0.34809999999999997,0.33372,0.32499999999999996,0.31699999999999995,0.308
2022-11-14,0.27954,0.27910999999999997,0.2941,0.283,0.29455,0.29499,0.34219999999999995,0.39161,0.39969999999999994,0.36756999999999995,0.3497,0.34312,0.33365999999999996,0.35009999999999997,0.38232,0.38785,0.38815,0.42918,0.44538999999999995,0.37294,0.3503,0.34299999999999997,0.33291,0.32499999999999996
2022-11-15,0.31065,0.30318,0.30399,0.28328,0.28363,0.30094,0.33904999999999996,0.38693,0.3964,0.385,0.3751,0.37368,0.36483,0.38065,0.39715999999999996,0.39799,0.39235,0.39666999999999997,0.39000999999999997,0.38993,0.34997999999999996,0.32499999999999996,0.31376,0.311
2022-11-16,0.2768,0.2754,0.31755,0.27186,0.25459,0.2661,0.29574,0.4049,0.46293999999999996,0.39039999999999997,0.34941999999999995,0.33877999999999997,0.34182,0.349,0.37607,0.39558000000000004,0.4111,0.45246,0.43986000000000003,0.37707,0.32919999999999994,0.28909999999999997,0.27448,0.23990999999999998
2022-11-17,0.22615999999999997,0.20276999999999998,0.19133,0.18009999999999998,0.18087999999999999,0.18606,0.26991,0.355,0.398,0.4368,0.38049999999999995,0.3549,0.34550000000000003,0.33999999999999997,0.355,0.3545,0.3549,0.46973,0.475,0.40700000000000003,0.37,0.32184,0.3265,0.30741999999999997
2022-11-18,0.28218,0.29213999999999996,0.30078,0.28903,0.29325999999999997,0.29884999999999995,0.31969,0.40127,0.425,0.411,0.401,0.40143,0.37237,0.37065000000000003,0.4013,0.425,0.4363,0.5248999999999999,0.417,0.365,0.36,0.32499999999999996,0.33327,0.30613
2022-11-19,0.32182,0.32489999999999997,0.32577999999999996,0.31669,0.31899999999999995,0.32499999999999996,0.30240999999999996,0.35431999999999997,0.3807,0.39007,0.37894,0.37777,0.36069999999999997,0.36678,0.38834,0.40210999999999997,0.41839,0.45698,0.46229000000000003,0.4357,0.415,0.40708999999999995,0.39403999999999995,0.37985
2022-11-20,0.37665,0.36024,0.363,0.35539,0.34561,0.35087999999999997,0.35508,0.36919,0.37503,0.39003,0.38703,0.39299,0.38505,0.37385,0.38015,0.39959999999999996,0.41695,0.44237,0.448,0.44144,0.4199,0.3901,0.38703,0.34521
2022-11-21,0.31469,0.31552,0.32530000000000003,0.32077,0.33096000000000003,0.34275999999999995,0.43906,0.41630999999999996,0.49905,0.46066,0.435,0.4234,0.39297,0.39261999999999997,0.3897,0.421,0.40159999999999996,0.45694999999999997,0.49041,0.3961,0.42671,0.395,0.37493,0.32947
2022-11-22,0.28742,0.28684,0.27497,0.25711,0.26265,0.27333999999999997,0.32304,0.39405,0.42396999999999996,0.4119,0.4172,0.41958,0.42031999999999997,0.42676,0.43395999999999996,0.435,0.43061,0.45996,0.4699,0.45652999999999994,0.42919999999999997,0.42153999999999997,0.39,0.34650000000000003
2022-11-23,0.33097999999999994,0.31564,0.30052,0.29583,0.29964,0.32477999999999996,0.38404,0.43345999999999996,0.44355,0.40495,0.37241,0.34741999999999995,0.34143,0.34011,0.35508,0.36168,0.38132,0.399,0.39397,0.394,0.33863999999999994,0.32186000000000003,0.31574,0.29947999999999997
2022-11-24,0.3157,0.28962,0.28569,0.284,0.27325,0.3049,0.38066999999999995,0.46814999999999996,0.47491,0.46993999999999997,0.47002,0.4649,0.438,0.44197000000000003,0.435,0.4749,0.438,0.49783,0.47475,0.46094999999999997,0.43656,0.40493999999999997,0.3921,0.3177
2022-11-25,0.34879,0.35019,0.33807,0.32682,0.32837,0.35663999999999996,0.4034,0.46405,0.45699999999999996,0.4383,0.45489999999999997,0.395,0.394,0.425,0.46514999999999995,0.46546,0.50236,0.5248999999999999,0.51295,0.47505000000000003,0.44562999999999997,0.44132,0.44492,0.40103
2022-11-26,0.38777,0.3857,0.3751,0.375,0.37299,0.38693999999999995,0.38993999999999995,0.40307,0.43995999999999996,0.45488999999999996,0.43283,0.4283,0.42499,0.41241,0.43261,0.43901999999999997,0.4632,0.49092,0.4811,0.44508,0.40722,0.38837,0.375,0.34869
2022-11-27,0.31988,0.31,0.29701,0.2744,0.2744,0.28064,0.30396,0.31176,0.3151,0.3349,0.37346,0.41859999999999997,0.419,0.43195999999999996,0.43606999999999996,0.43814,0.425,0.4649,0.51092,0.46943999999999997,0.44289999999999996,0.46796,0.45489999999999997,0.3749
2022-11-28,0.495,0.40349999999999997,0.3849,0.4209,0.40003999999999995,0.44439999999999996,0.42169999999999996,0.45,0.5249999999999999,0.5427,0.5449999999999999,0.54091,0.5351,0.5422,0.55891,0.57291,0.56785,0.59058,0.57562,0.55501,0.5104599999999999,0.487,0.46998,0.43762
2022-11-29,0.44681,0.42682,0.40607,0.40127,0.4102,0.44339999999999996,0.42882,0.5712200000000001,0.61992,0.62032,0.6209,0.6106,0.5930500000000001,0.5992599999999999,0.62138,0.6256999999999999,0.63504,0.6760999999999999,0.66186,0.6388199999999999,0.575,0.5099,0.47266,0.42986
2022-11-30,0.4641,0.45457,0.44003,0.43574,0.44262999999999997,0.46499999999999997,0.50001,0.6094299999999999,0.6531,0.6536,0.64971,0.65752,0.6249899999999999,0.62547,0.63924,0.63376,0.6534,0.67855,0.6701999999999999,0.6401399999999999,0.5897699999999999,0.51917,0.49183,0.44935
2022-12-01,0.4661,0.4663,0.45952999999999994,0.44956,0.44672,0.45749,0.4661,0.55035,0.6086199999999999,0.607,0.556,0.5358499999999999,0.51566,0.5251,0.5563899999999999,0.587,0.627,0.65907,0.64479,0.63289,0.583,0.4749,0.49413999999999997,0.4798
2022-12-02,0.48356,0.47126999999999997,0.4748,0.47385,0.47572000000000003,0.47728,0.53224,0.5667599999999999,0.60971,0.579,0.59171,0.56193,0.5583,0.55,0.51982,0.46299999999999997,0.47686,0.5187200000000001,0.5080899999999999,0.5229999999999999,0.471,0.51353,0.47995999999999994,0.507
2022-12-03,0.5348999999999999,0.498,0.4751,0.432,0.42547,0.432,0.4749,0.451,0.43236,0.45176,0.4735,0.47807999999999995,0.46508999999999995,0.46238999999999997,0.49091,0.49091,0.5059199999999999,0.53373,0.516,0.48769999999999997,0.4749,0.4649,0.475,0.4751
2022-12-04,0.485,0.4749,0.46099999999999997,0.4342,0.451,0.42972,0.4488,0.4688,0.4755,0.46819,0.485,0.48189,0.50856,0.47684,0.48139,0.48324,0.50024,0.56638,0.5716,0.53693,0.4744,0.4808,0.4741,0.43489999999999995
2022-12-05,0.454,0.474,0.445,0.4318,0.43759,0.42746,0.4738,0.50808,0.532,0.5518000000000001,0.5524,0.57975,0.57991,0.56796,0.58846,0.6049100000000001,0.6056999999999999,0.61998,0.581,0.5728,0.565,0.5081100000000001,0.49956,0.46922
2022-12-06,0.4473,0.437,0.4448,0.44211,0.46237999999999996,0.48423,0.4983,0.5348999999999999,0.591,0.6349499999999999,0.6149,0.5682,0.5095000000000001,0.52,0.57497,0.5749,0.5751,0.6544,0.5938399999999999,0.5249999999999999,0.47119,0.48425999999999997,0.47492,0.45161
2022-12-07,0.4947,0.46869999999999995,0.434,0.4151,0.429,0.43818999999999997,0.43,0.52226,0.55,0.5908,0.5746,0.5371600000000001,0.4756,0.517,0.5751,0.61174,0.62907,0.67455,0.5139,0.5404,0.5408999999999999,0.4651,0.47384,0.4546
2022-12-08,0.46599,0.4594,0.44811,0.44772,0.45211999999999997,0.47520999999999997,0.48905,0.5348999999999999,0.595,0.6305000000000001,0.59048,0.5749,0.5429999999999999,0.56734,0.6251,0.63199,0.63792,0.67321,0.5749,0.5615,0.575,0.51739,0.5012099999999999,0.47761
2022-12-09,0.502,0.48174,0.478,0.47349,0.47734,0.49147,0.5130699999999999,0.6312,0.6779900000000001,0.66801,0.65924,0.66316,0.6561,0.645,0.65144,0.65801,0.6513899999999999,0.6829099999999999,0.6566000000000001,0.6362099999999999,0.6202300000000001,0.55139,0.5130399999999999,0.49636
2022-12-10,0.4878,0.481,0.4678,0.46226,0.4599,0.46402,0.47169999999999995,0.49019999999999997,0.5215,0.57161,0.59433,0.58738,0.5730999999999999,0.5509,0.5520700000000001,0.5685,0.59559,0.62492,0.6176999999999999,0.59834,0.53767,0.5004299999999999,0.48739,0.46970999999999996
2022-12-11,0.47958999999999996,0.47748,0.47266,0.45647000000000004,0.45229,0.449,0.45625,0.45699999999999996,0.46961,0.4955,0.49265,0.52008,0.52225,0.49974,0.50328,0.5115099999999999,0.5366,0.58894,0.60537,0.5850599999999999,0.5549,0.5103500000000001,0.4998,0.48202999999999996
2022-12-12,0.45747000000000004,0.45448,0.45176,0.44697000000000003,0.445,0.4606,0.52776,0.6799999999999999,0.7356199999999999,0.68899,0.6786700000000001,0.64272,0.63552,0.615,0.6688799999999999,0.7107300000000001,0.7335399999999999,0.76816,0.7217100000000001,0.6768399999999999,0.6636299999999999,0.5839,0.53426,0.4803
2022-12-13,0.48069999999999996,0.46252,0.45969,0.45082999999999995,0.4573,0.49107,0.5438999999999999,0.6747,0.7467600000000001,0.7282899999999999,0.66127,0.6238999999999999,0.63498,0.68103,0.7277100000000001,0.74525,0.7649999999999999,0.8400099999999999,0.73515,0.69157,0.5749,0.51644,0.47669,0.45808
2022-12-14,0.4453,0.44705,0.44582999999999995,0.453,0.45589999999999997,0.48489999999999994,0.54382,0.66997,0.71499,0.74472,0.7401799999999998,0.74301,0.63323,0.6265799999999999,0.6899500000000001,0.70353,0.72,0.7649999999999999,0.732,0.69557,0.6629,0.57167,0.5267200000000001,0.49466
2022-12-15,0.46770999999999996,0.45999999999999996,0.4458,0.4448,0.44914,0.45999999999999996,0.49165,0.55494,0.66503,0.66466,0.6495500000000001,0.59646,0.5367999999999999,0.51873,0.63005,0.64493,0.6600299999999999,0.675,0.67491,0.66053,0.6149,0.5427200000000001,0.49066000000000004,0.47126999999999997
2022-12-16,0.4713,0.46292,0.45464999999999994,0.4451,0.431,0.4476,0.49432,0.6158999999999999,0.7184900000000001,0.73664,0.71845,0.69208,0.628,0.5990500000000001,0.6278999999999999,0.6401399999999999,0.6535500000000001,0.6799999999999999,0.66517,0.64279,0.56791,0.50915,0.48175,0.455
2022-12-17,0.4589,0.44608,0.43495,0.4206,0.41119,0.41236,0.41251,0.42549,0.46499999999999997,0.47481,0.47713,0.4407,0.44506999999999997,0.42494999999999994,0.44162,0.45849999999999996,0.48013,0.51042,0.485,0.425,0.415,0.417,0.4201,0.43739999999999996
2022-12-18,0.5595,0.4779,0.43489999999999995,0.4133,0.41,0.4183,0.3772,0.3749,0.3961,0.425,0.42084,0.39112,0.37633,0.39943,0.40449999999999997,0.41486,0.425,0.48969999999999997,0.488,0.4049,0.373,0.33808,0.32277999999999996,0.295
2022-12-19,0.2955,0.28117,0.26761999999999997,0.25118999999999997,0.25266,0.28411,0.35036,0.41503,0.42497999999999997,0.42819999999999997,0.42384999999999995,0.42205000000000004,0.42369999999999997,0.4208,0.42443,0.42381,0.42404,0.43207,0.43113999999999997,0.40962,0.38133,0.34965,0.34133,0.31237
2022-12-20,0.28319,0.26741,0.26744999999999997,0.25134999999999996,0.25694,0.27466999999999997,0.32499,0.375,0.39890000000000003,0.42140999999999995,0.40945,0.4129,0.39971,0.39214,0.40847999999999995,0.41439,0.40800000000000003,0.502,0.4703,0.43489999999999995,0.43365,0.40449,0.40444,0.3749
2022-12-21,0.37895,0.36677000000000004,0.354,0.34292999999999996,0.34396,0.355,0.39361999999999997,0.42816,0.448,0.44483999999999996,0.42671,0.42286999999999997,0.41345,0.40786,0.41602,0.40396,0.40049,0.42118999999999995,0.4102,0.40096,0.40047999999999995,0.3849,0.39657,0.3836
2022-12-22,0.3339,0.32111999999999996,0.31518999999999997,0.31867,0.30322,0.33092,0.36305,0.39987,0.39959999999999996,0.40317,0.40290000000000004,0.39953,0.39929,0.39199,0.3902,0.39235,0.39524000000000004,0.4753,0.4249,0.39705,0.41796999999999995,0.37939999999999996,0.3751,0.385
2022-12-23,0.32372,0.32372,0.32138999999999995,0.31287,0.31599999999999995,0.32355,0.34445,0.36419,0.392,0.3972,0.40009,0.40146,0.39437999999999995,0.39496,0.39279,0.38546,0.3883,0.38728999999999997,0.38493,0.37344,0.35634,0.32708000000000004,0.32374,0.2949
2022-12-24,0.2562,0.2254,0.22499999999999998,0.20751999999999998,0.211,0.22347999999999998,0.23253,0.2732,0.2972,0.32087,0.32799999999999996,0.32001999999999997,0.3136,0.32327,0.32609999999999995,0.33533,0.33804999999999996,0.35126999999999997,0.35009,0.33338,0.30467,0.295,0.29169999999999996,0.28578
2022-12-25,0.29528,0.28711,0.28165,0.26583999999999997,0.2607,0.26065,0.26064,0.2677,0.28509999999999996,0.28828,0.30561,0.32499999999999996,0.3473,0.27059999999999995,0.34419999999999995,0.28508,0.295,0.32492,0.33759,0.35119999999999996,0.315,0.305,0.2842,0.275
2022-12-26,0.2253,0.21198,0.21286,0.19629999999999997,0.1929,0.19133,0.19311,0.19829,0.21367999999999998,0.22857,0.23429999999999998,0.23399999999999999,0.2299,0.275,0.28509,0.3049,0.307,0.35182,0.34619999999999995,0.299,0.295,0.30154000000000003,0.29019,0.2499
2022-12-27,0.217,0.18886,0.18450999999999998,0.18292999999999998,0.208,0.22499999999999998,0.295,0.386,0.373,0.4228,0.41063,0.35419999999999996,0.34555,0.3051,0.31408,0.31832,0.32257,0.33369,0.33969,0.33204,0.32255999999999996,0.30379999999999996,0.28284,0.26194
2022-12-28,0.21528,0.20812999999999998,0.18483,0.17365,0.17434999999999998,0.17578,0.19229,0.24484999999999998,0.285,0.295,0.293,0.295,0.295,0.275,0.2499,0.275,0.28925999999999996,0.29625999999999997,0.2949,0.27014,0.26635,0.24318,0.21753999999999998,0.19648
2022-12-29,0.17418999999999998,0.17415,0.1735,0.17246,0.17304,0.17411,0.17440999999999998,0.17509,0.21497,0.271,0.28423,0.28403,0.2763,0.271,0.2749,0.285,0.2849,0.2951,0.29742999999999997,0.29507,0.295,0.27968,0.25934,0.21164
2022-12-30,0.18802,0.18009,0.17809,0.17565,0.17556999999999998,0.17987999999999998,0.18589,0.19890999999999998,0.2029,0.20421999999999998,0.2012,0.19985999999999998,0.19294999999999998,0.19502999999999998,0.20073999999999997,0.20329,0.19637,0.20604999999999998,0.19999999999999998,0.19913999999999998,0.20293,0.17568999999999999,0.1754,0.17517
2022-12-31,0.18,0.17584999999999998,0.17537,0.17517,0.17509,0.175,0.175,0.17497,0.17565999999999998,0.17706999999999998,0.17604,0.18178999999999998,0.18506999999999998,0.18558999999999998,0.19199,0.24211,0.22493999999999997,0.27,0.25734999999999997,0.24201,0.2155,0.18989,0.18494,0.17661
